nadrzedna,kategoria
Strona główna ,Wczasy
Strona główna ,Wakacje w Polsce
Strona główna ,Lato 2021
Strona główna ,Super Last Minute
Strona główna ,Narty
Strona główna ,Wycieczki Objazdowe
Wczasy,Wakacje w zimie 2020
Wczasy,Wakacje bez paszportu
Wczasy,Promocje
Wczasy,Wakacje z dzieckiem
Wczasy,All Inclusive
Wczasy,Egzotyka
Wczasy,Domy Wakacyjne
Wakacje w Polsce,Bon turystyczny
Wakacje w Polsce,Urlop nad morzem
Wakacje w Polsce,Urlop w górach
Wakacje w Polsce,Polska all inclusive
Wakacje w Polsce,Ferie w Polsce
Wakacje w Polsce,Last minute w Polsce
Lato 2021,Turcja
Lato 2021,Grecja
Lato 2021,Hiszpania
Lato 2021,Bułgaria
Lato 2021,Egipt
Lato 2021,Cypr
Lato 2021,Tunezja
Lato 2021,Albania
Lato 2021,Włochy
Lato 2021,Portugalia
Lato 2021,Malediwy
Super Last Minute,Malta
Super Last Minute,Turcja
Super Last Minute,Grecja
Super Last Minute,Hiszpania
Super Last Minute,Egipt
Super Last Minute,Kuba
Super Last Minute,Cypr 
Super Last Minute,Emiraty Arabskie
Narty,Szwajcaria
Narty,Austria
Narty,Włochy
Narty,Lodowce
Narty,Francja
Narty,Promocje
Wycieczki Objazdowe,Promocje
Wycieczki Objazdowe,Autokarowe
Wycieczki Objazdowe,Miasta Europy
Wycieczki Objazdowe,Oferty wycieczek
Wycieczki Objazdowe,Francja
Wycieczki Objazdowe,Włochy
Wycieczki Objazdowe,Maroko
Wycieczki Objazdowe,Rejsy
Wycieczki Objazdowe,Egipt
Wycieczki Objazdowe,Kenia
Wycieczki Objazdowe,Chiny
Wycieczki Objazdowe,Indie
Wycieczki Objazdowe,USA