"Strona główna,super last minute,cypr",13,"Data rozpoczęcia:sob. 19.12.2020,Czas Trwania:7 dni,Posiłki:BB - Śniadania,Wylot z:Berlin,Operator:Exim Tours",Amorgos Boutique,1639,"<h3 class=""hotel-description__subject hotel--description--subject"">:</h3>,<p>3<br>Cypr/Larnaka</p>,<h3 class=""hotel-description__subject hotel--description--subject"">Kategoryzacja hotelu :</h3>,<p>- kat. Exim Tours 3*<br>- kat. lokalna 3*</p>,<h3 class=""hotel-description__subject hotel--description--subject"">Położenie :</h3>,<p>- Larnaca<br>- ok. 200 m od centrum miasta, w pobliżu bary, restauracje i sklepy<br>- doskonała propozycja dla osób ceniących bliskość miasta i atrakcji turystycznych<br>- ok. 200 m od plaży Palm Tree<br>- ok. 10 km od lotniska w Larnace<br>- ok. 40 km od Nikozji<br>- ok. 70 km od Limassol<br>- ok. 130 km od lotniska w Paphos</p>,<h3 class=""hotel-description__subject hotel--description--subject"">Plaża :</h3>,<p>- piaszczysta, publiczna<br>- leżaki i parasole (płatne)</p>,<h3 class=""hotel-description__subject hotel--description--subject"">Pokoje :</h3>",https://cdntravelplanet.pl/31981/EXIM/miniature650x367/cypr/larnaka/larnaka/amorgos-boutique_0.jpg?datago=1&t=637436199748779219,1
"Strona główna,super last minute,cypr",,"Data rozpoczęcia:czw. 17.12.2020,Czas Trwania:7 dni,Posiłki:BB - Śniadania,Wylot z:Warszawa,Operator:Prima Holiday",Best Western Plus Larco,1786,"<h3 class=""hotel-description__subject hotel--description--subject"">POŁOŻENIE :</h3>,<p>- Larnaca<br>- ok. 1 km od plaży Mackenzie<br>- ok. 2 km od Larnaki<br>- ok. 7 km od lotniska w Larnace<br>- ok. 40 km od Ayia Napa<br>- ok. 45 km od parku wodnego w Ayia Napa<br>- ok. 45 km od Nikozji</p>,<h3 class=""hotel-description__subject hotel--description--subject"">PLAŻA :</h3>,<p>- piaszczysto-żwirowa, publiczna<br>- leżaki i parasole (płatne)</p>,<h3 class=""hotel-description__subject hotel--description--subject"">HOTEL :</h3>,<p>Kategoria lokalna 4*, wyremontowany na sezon 2020</p>,<h3 class=""hotel-description__subject hotel--description--subject"">DO DYSPOZYCJI GOŚCI :</h3>,<p>- 85 pokojów<br>- całodobowa recepcja z lobby<br>- winda<br>- sala TV<br>- sejf na recepcji (płatny)<br>- wypożyczalnia samochodów<br>- parking (bezpłatny)<br>- przystanek lokalnego autobusu ok. 500 m od hotelu<br>- najbliższy sklep ok. 2 km od hotelu</p>,<h3 class=""hotel-description__subject hotel--description--subject"">INTERNET :</h3>",https://cdntravelplanet.pl/5374/BVPR/miniature650x367/cypr/larnaka/larnaka/best-western-plus-larco_0.jpg?datago=1&t=637431953738061563,1
"Strona główna,super last minute,cypr",13,"Data rozpoczęcia:sob. 19.12.2020,Czas Trwania:7 dni,Posiłki:BB - Śniadania,Wylot z:Berlin,Operator:Exim Tours",The Ship Inn & Villas,1639,"<h3 class=""hotel-description__subject hotel--description--subject"">:</h3>,<p>3<br>Cypr Północny/Cypr Północny</p>,<h3 class=""hotel-description__subject hotel--description--subject"">Kategoryzacja hotelu :</h3>,<p>- kat. Exim Tours 3*<br>- kat. lokalna 3*</p>,<h3 class=""hotel-description__subject hotel--description--subject"">Położenie :</h3>,<p>- Kyrenia<br>- ok. 1 km od plaży<br>- ok. 4 km od Kyrenii<br>- ok. 80 km od lotniska</p>,<h3 class=""hotel-description__subject hotel--description--subject"">Plaża :</h3>,<p>- piaszczysto-żwirowa, publiczna<br>- leżaki i parasole (płatne)</p>,<h3 class=""hotel-description__subject hotel--description--subject"">Pokoje :</h3>",https://cdntravelplanet.pl/29817/EXIM/miniature650x367/cypr/cypr-polnocny/kirenia/the-ship-inn--villas_0.jpg?datago=1&t=637434529170240000,1
"Strona główna,super last minute,cypr",13,"Data rozpoczęcia:sob. 19.12.2020,Czas Trwania:7 dni,Posiłki:BB - Śniadania,Wylot z:Berlin,Operator:Exim Tours",Rose Gardens Holiday Village,1559,"<h3 class=""hotel-description__subject hotel--description--subject"">:</h3>,<p>3<br>Cypr Północny/Cypr Północny</p>,<h3 class=""hotel-description__subject hotel--description--subject"">Kategoryzacja hotelu :</h3>,<p>- kat. Exim Tours 3*<br>- kat. lokalna 3*</p>,<h3 class=""hotel-description__subject hotel--description--subject"">Położenie :</h3>,<p>- Lapta<br>- ok. 1 km od plaży<br>- ok. 2 km od centrum miejscowości<br>- ok. 14 km od Kyrenii<br>- ok. 92 km od lotniska w Larnace</p>,<h3 class=""hotel-description__subject hotel--description--subject"">Plaża :</h3>,<p>- piaszczysta, publiczna<br>- leżaki i parasole (płatne)</p>,<h3 class=""hotel-description__subject hotel--description--subject"">Pokoje :</h3>",https://cdntravelplanet.pl/29814/EXIM/miniature650x367/cypr/cypr-polnocny/lapitos/rose-gardens-holiday-village_0.jpg?datago=1&t=637435389327325157,1
"Strona główna,super last minute,cypr",14,"Data rozpoczęcia:sob. 19.12.2020,Czas Trwania:7 dni,Posiłki:BB - Śniadania,Wylot z:Berlin,Operator:Exim Tours",Altinkaya Resort,1539,"<h3 class=""hotel-description__subject hotel--description--subject"">:</h3>,<p>3<br>Cypr Północny/Cypr Północny</p>,<h3 class=""hotel-description__subject hotel--description--subject"">Kategoryzacja hotelu :</h3>,<p>- kat. Exim Tours 3*<br>- kat. lokalna 3*</p>,<h3 class=""hotel-description__subject hotel--description--subject"">Położenie :</h3>,<p>- Kyrenia<br>- ok. 2 km od centrum Kyrenii<br>- ok. 4 km od plaży (dowóz bezpłatnym busem hotelowym)<br>- ok. 20 km od Nikozji<br>- ok. 80 km od lotniska w Larnace</p>,<h3 class=""hotel-description__subject hotel--description--subject"">Plaża :</h3>,<p>- piaszczysta, publiczna<br>- leżaki i parasole (płatne)</p>,<h3 class=""hotel-description__subject hotel--description--subject"">Pokoje :</h3>",https://cdntravelplanet.pl/33266/EXIM/miniature650x367/cypr/cypr-polnocny/kirenia/altinkaya-resort_0.jpg?datago=1&t=637435510941724375,1
"Strona główna,super last minute,cypr",26,"Data rozpoczęcia:czw. 17.12.2020,Czas Trwania:7 dni,Posiłki:BB - Śniadania,Wylot z:Warszawa,Operator:Prima Holiday",Navarria,1620,"<h3 class=""hotel-description__subject hotel--description--subject"">POŁOŻENIE :</h3>,<p>Hotel położony 4 km od  turystycznego centrum Limmasol i 7 km od starówki. W pobliżu można znaleźć tawerny, sklepy i restauracje oraz przystanek autobusowy. Oddalony ok. 60 km od lotniska w Larnace.</p>,<h3 class=""hotel-description__subject hotel--description--subject"">PLAŻA :</h3>,<p>Piaszczysta plaża z ciemnym piaskiem znajduje się ok. 200 m od hotelu. Leżaki i parasole za dodatkową opłatą.</p>,<h3 class=""hotel-description__subject hotel--description--subject"">HOTEL :</h3>,<p>Dobrze wyposażony hotel z miłą atmosferą. Polecany wszystkim klientom szukającym możliwości zwiedzania oraz miejskich rozrywek, jakie oferuje centrum kurortu.</p>,<h3 class=""hotel-description__subject hotel--description--subject"">DO DYSPOZYCJI GOŚCI :</h3>,<p>Recepcja, lobby, winda, restauracja główna, restauracja a la carte,  bar,  bar przy basenie, kantor, pralnia, centrum konferencyjne, minimarket, wypożyczalnia rowerów, sejf (płatny około 8.50 eur/ za tydzień). Leżaki i parasole bezpłatnie przy basenie.</p>,<h3 class=""hotel-description__subject hotel--description--subject"">INTERNET :</h3>",https://cdntravelplanet.pl/5362/BVPR/miniature650x367/cypr/limassol/limassol/navarria_0.jpg?datago=1&t=637434875514350000,1
"Strona główna,super last minute,cypr",14,"Data rozpoczęcia:sob. 19.12.2020,Czas Trwania:7 dni,Posiłki:RO - Bez wyżywienia,Wylot z:Berlin,Operator:Exim Tours",Bare Hill Holiday Village,1479,"<h3 class=""hotel-description__subject hotel--description--subject"">:</h3>,<p>3<br>Cypr Północny/Cypr Północny</p>,<h3 class=""hotel-description__subject hotel--description--subject"">Kategoryzacja hotelu :</h3>,<p>- kat. Exim Tours 3*<br>- kat. lokalna 3*</p>,<h3 class=""hotel-description__subject hotel--description--subject"">Położenie :</h3>,<p>- Alsancak - Karavas<br>- ok 300 m od plaży<br>- spokojna okolica, dobra baza wypadowa<br>- w pobliżu sklepy, restauracje, bary<br>- ok. 5 km od Kyrenii<br>- ok 55 km od lotniska w Ercan<br>- ok 90 km od lotniska w Larnace</p>,<h3 class=""hotel-description__subject hotel--description--subject"">Plaża :</h3>,<p>- piaszczysto-żwirkowa, publiczna<br>- leżaki i parasole za opłatą</p>,<h3 class=""hotel-description__subject hotel--description--subject"">Pokoje :</h3>",https://cdntravelplanet.pl/33228/EXIM/miniature650x367/cypr/cypr-polnocny/alsancak/bare-hill-holiday-village_0.jpg?datago=1&t=637432005866235313,1
"Strona główna,super last minute,cypr",15,"Data rozpoczęcia:sob. 19.12.2020,Czas Trwania:7 dni,Posiłki:RO - Bez wyżywienia,Wylot z:Berlin,Operator:Exim Tours",Club St. George,1479,"<h3 class=""hotel-description__subject hotel--description--subject"">:</h3>,<p>3<br>Cypr/Paphos</p>,<h3 class=""hotel-description__subject hotel--description--subject"">Kategoryzacja hotelu :</h3>,<p>- kat. Exim Tours 3*<br>- kat. lokalna 3*</p>,<h3 class=""hotel-description__subject hotel--description--subject"">Położenie :</h3>,<p>- Tremithousa-Paphos<br>- ok. 8 km od plaży<br>- ok. 8 km od Grobowców Królewskich<br>- ok. 12 km do parku wodnego Aphrodite Water Park<br>- ok. 20 km od lotniska w Paphos<br>- ok. 35 km od Polis<br>- ok. 70 km od Limassol<br>- ok. 150 km od Nikozji</p>,<h3 class=""hotel-description__subject hotel--description--subject"">Plaża :</h3>,<p>- piaszczysto-kamienista, publiczna<br>- leżaki i parasole (płatne)</p>,<h3 class=""hotel-description__subject hotel--description--subject"">Pokoje :</h3>",https://cdntravelplanet.pl/30160/EXIM/miniature650x367/cypr/pafos/trimitusa/club-st.-george_0.jpg?datago=1&t=637432023124275703,1
"Strona główna,super last minute,cypr",15,"Data rozpoczęcia:sob. 19.12.2020,Czas Trwania:7 dni,Posiłki:RO - Bez wyżywienia,Wylot z:Berlin,Operator:Exim Tours",Kings Paphos,1459,"<h3 class=""hotel-description__subject hotel--description--subject"">:</h3>,<p>2<br>Cypr/Paphos</p>,<h3 class=""hotel-description__subject hotel--description--subject"">Kategoryzacja hotelu :</h3>,<p>- kat. Exim Tours 2*<br>- kat. lokalna 2*</p>,<h3 class=""hotel-description__subject hotel--description--subject"">Położenie :</h3>,<p>- Paphos<br>- ok. 300 m od plaży<br>- ok. 1 km od Paphos<br>- ok, 8 km od Coral Bay<br>- ok. 15 km od lotniska<br>- ok. 45 km od Limassol</p>,<h3 class=""hotel-description__subject hotel--description--subject"">Plaża :</h3>,<p>- piaszczysto-żwirowa, publiczna<br>- leżaki i parasole (płatne)</p>,<h3 class=""hotel-description__subject hotel--description--subject"">Pokoje :</h3>",https://cdntravelplanet.pl/29300/EXIM/miniature650x367/cypr/pafos/pafos/kings-paphos_0.jpg?datago=1&t=637434594342670312,1
"Strona główna,super last minute,cypr",14,"Data rozpoczęcia:sob. 19.12.2020,Czas Trwania:7 dni,Posiłki:BB - Śniadania,Wylot z:Berlin,Operator:Exim Tours",Agapinor,1459,"<h3 class=""hotel-description__subject hotel--description--subject"">:</h3>,<p>3<br>Cypr/Paphos</p>,<h3 class=""hotel-description__subject hotel--description--subject"">Kategoryzacja hotelu :</h3>,<p>- kat. Exim Tours 3*<br>- kat. lokalna 3*</p>,<h3 class=""hotel-description__subject hotel--description--subject"">Położenie :</h3>,<p>- Paphos<br>- centrum Paphos, w pobliżu znajdują się bary, restauracje i sklepy<br>- ok. 2 km od Grobowców Królewskich<br>- ok. 3 km od plaży Faros Lighthouse Beach<br>- ok. 6 km od parku wodnego<br>- ok. 14 km od lotniska w Paphos<br>- ok. 75 km od Limassol<br>- ok. 135 km od lotniska w Larnace<br>- ok. 160 km od Nikozji</p>,<h3 class=""hotel-description__subject hotel--description--subject"">Plaża :</h3>,<p>- kamienista, publiczna<br>- leżaki i parasole (płatne)</p>,<h3 class=""hotel-description__subject hotel--description--subject"">Pokoje :</h3>",https://cdntravelplanet.pl/33138/EXIM/miniature650x367/cypr/pafos/pafos/agapinor_0.jpg?datago=1&t=637437031729892500,1
"Strona główna,super last minute,cypr",,"Data rozpoczęcia:czw. 17.12.2020,Czas Trwania:7 dni,Posiłki:BB - Śniadania,Wylot z:Warszawa,Operator:Prima Holiday",Sea Cleopatra Napa,1405,"<h3 class=""hotel-description__subject hotel--description--subject"">POŁOŻENIE :</h3>,<p>Hotel położony około 36 km od lotniska w Larnace.</p>,<h3 class=""hotel-description__subject hotel--description--subject"">PLAŻA :</h3>,<p>Plaża położona 650 m od Hotelu.</p>,<h3 class=""hotel-description__subject hotel--description--subject"">HOTEL :</h3>,<p>Kategoria lokalna: 3*<br>Hotel został odnowiony w 2014 roku.</p>,<h3 class=""hotel-description__subject hotel--description--subject"">DO DYSPOZYCJI GOŚCI :</h3>,<p>Całodobowa recepcja, usługi pralnicze (dodatkowo płatne), parking prywatny (bezpłatny), kantor wymiany walut, bar, restauracja. Hotel akceptuje karty: Mastercard, American Express i Visa.</p>,<h3 class=""hotel-description__subject hotel--description--subject"">INTERNET :</h3>",https://cdntravelplanet.pl/5364/BVPR/miniature650x367/cypr/ayia-napa/ajia-napa/sea-cleopatra-napa_0.jpg?datago=1&t=637435693565927657,1
"Strona główna,super last minute,cypr",16,"Data rozpoczęcia:sob. 19.12.2020,Czas Trwania:7 dni,Posiłki:RO - Bez wyżywienia,Wylot z:Berlin,Operator:Exim Tours",Club Coral View,1369,"<h3 class=""hotel-description__subject hotel--description--subject"">:</h3>,<p>3<br>Cypr/Paphos</p>,<h3 class=""hotel-description__subject hotel--description--subject"">Kategoryzacja hotelu :</h3>,<p>- kat. Exim Tours 3*<br>- kat. lokalna 3*</p>,<h3 class=""hotel-description__subject hotel--description--subject"">Położenie :</h3>,<p>- Peyia - Paphos<br>- ok. 4 km od plaży Coral Bay<br>- ok. 19 km od parku wodnego Aphrodite Waterpark<br>- ok. 30 km od lotniska w Paphos</p>,<h3 class=""hotel-description__subject hotel--description--subject"">Plaża :</h3>,<p>- piaszczysta, publiczna<br>- leżaki i parasole (płatne)</p>,<h3 class=""hotel-description__subject hotel--description--subject"">Pokoje :</h3>",https://cdntravelplanet.pl/30159/EXIM/miniature650x367/cypr/pafos/peyia/club-coral-view_0.jpg?datago=1&t=637432012436468984,1
"Strona główna,super last minute,cypr",16,"Data rozpoczęcia:sob. 19.12.2020,Czas Trwania:7 dni,Posiłki:RO - Bez wyżywienia,Wylot z:Berlin,Operator:Exim Tours",Panareti`s Coral Bay,1359,"<h3 class=""hotel-description__subject hotel--description--subject"">:</h3>,<p>3<br>Cypr/Paphos</p>,<h3 class=""hotel-description__subject hotel--description--subject"">Kategoryzacja hotelu :</h3>,<p>Kat. EximTours  3*<br>Kat. lokalna 3*</p>,<h3 class=""hotel-description__subject hotel--description--subject"">Położenie :</h3>,<p>- Coral Bay<br>- w okolicy sklepy, bary, restauracje, postój taksówek, przystanek autobusowy, informacja turystyczna<br>- ok. 1,8 km od plaży<br>- ok. 14 km od Grobowców Królewskich<br>- ok. 15 km od Zamku Pafos<br>- ok. 15 km od Parku Archeologicznego<br>- ok. 15 km od Pafos<br>- ok. 19 km od Aquaparku<br>- ok. 20 km od pola golfowego<br>- ok. 27 km od lotniska w Pafos<br>- ok. 31 km od Polis<br>- ok. 80 km od Limassol<br>- ok. 142 km od lotniska w Larnace</p>,<h3 class=""hotel-description__subject hotel--description--subject"">Plaża :</h3>,<p>- piaszczysto-kamienista, publiczna<br>- parasole, leżaki i ręczniki płatne</p>,<h3 class=""hotel-description__subject hotel--description--subject"">Pokoje :</h3>",https://cdntravelplanet.pl/30691/EXIM/miniature650x367/cypr/pafos/coral-bay/panareti`s-coral-bay_0.jpg?datago=1&t=637432224219203359,1
"Strona główna,super last minute,cypr",16,"Data rozpoczęcia:sob. 19.12.2020,Czas Trwania:7 dni,Posiłki:RO - Bez wyżywienia,Wylot z:Berlin,Operator:Exim Tours",St Nicolas Elegant Residence,1329,"<h3 class=""hotel-description__subject hotel--description--subject"">:</h3>,<p>3<br>Cypr/Paphos</p>,<h3 class=""hotel-description__subject hotel--description--subject"">Kategoryzacja hotelu :</h3>,<p>- kat. Exim Tours 3*<br>- kat. lokalna 3*</p>,<h3 class=""hotel-description__subject hotel--description--subject"">Położenie :</h3>,<p>- Chloraka Village<br>- ok. 4 km od Paphos<br>- ok. 5 km od plaży (dowóz płatnym busem hotelowym)<br>- ok. 5 km od Grobowców Królewskich<br>- ok. 8 km od parku wodnego Aphrodite<br>- ok, 10 km od Coral Bay<br>- ok. 20 km od lotniska <br>- ok. 70 km od LImassol</p>,<h3 class=""hotel-description__subject hotel--description--subject"">Plaża :</h3>,<p>- piaszczysto-kamienista, publiczna<br>- leżaki i parasole (płatne)</p>,<h3 class=""hotel-description__subject hotel--description--subject"">Pokoje :</h3>",https://cdntravelplanet.pl/29946/EXIM/miniature650x367/cypr/pafos/chloraka/st-nicolas-elegant-residence_0.jpg?datago=1&t=637431867345492422,1
"Strona główna,super last minute,cypr",,"Data rozpoczęcia:niedz. 20.12.2020,Czas Trwania:7 dni,Posiłki:RO - Bez wyżywienia,Wylot z:Gdańsk,Operator:Prima Holiday",Antonis G Apartments,1280,"<h3 class=""hotel-description__subject hotel--description--subject"">POŁOŻENIE :</h3>,<p>Rodzinny hotel  znajduje się w miejscowości Oroklini w regionie Larnaka. Z pokoi roztacza się widok na zatokę Larnaka oraz Morze Śródziemne. Lotnisko Larnaka dzieli od hotelu  15 minut jazdy. Sprzed budynku kursuje autobus, którym w 5 minut można dojechać na plażę. Spacer z hotelu do banków, sklepów i restauracji zajmuje również 5 minut.</p>,<h3 class=""hotel-description__subject hotel--description--subject"">PLAŻA :</h3>,<p>5 min jazdy od hotelu</p>,<h3 class=""hotel-description__subject hotel--description--subject"">HOTEL :</h3>,<p>Rodzinny obiekt, w którym można poczuć się jak w domu, posiadający 28 pokoi, wysoko oceniany przez klientów.</p>,<h3 class=""hotel-description__subject hotel--description--subject"">DO DYSPOZYCJI GOŚCI :</h3>,<p>Recepcja, lobby, bezpłatny parking dla klientów, sejf w recepcji, winda, sala konfernecyjna o powierzchni 120m. Na terenie hotelu znajduje się też basen dla dzieci oraz plac zabaw. Bar przy basenie Dwa razy w tygodniu obiekt organizuje wieczory z muzyką na żywo i tańcami. Do dyspozycji Gości jest też stół do ping ponga i stół bilardowy, a także klub nocny.</p>,<h3 class=""hotel-description__subject hotel--description--subject"">INTERNET :</h3>",https://cdntravelplanet.pl/5365/BVPR/miniature650x367/cypr/larnaka/larnaka/antonis-g-apartments_0.jpg?datago=1&t=637435178501660078,1
"Strona główna,super last minute,grecja",,"Data rozpoczęcia:pt. 18.12.2020,Czas Trwania:6 dni,Posiłki:RO - Bez wyżywienia,Wylot z:Warszawa - Modlin,Operator:Yobboo",New,1630,"<h3 class=""hotel-description__subject hotel--description--subject"">Opis oferty:</h3>,<p></p>,<p>Drodzy Klienci, już od wielu lat Yobboo Travel oferuje Wam wysokiej jakości wyjazdy poprzez współpracę ze sprawdzonymi i zaufanymi partnerami na całym świecie.</p>,<p>Do każdej oferty dołączamy wyjątkowy na rynku pakiet korzyści Yobboo Travel</p>,<p>- możliwość otrzymania kart pokładowych RÓWNIEŻ na lot powrotny przed rozpoczęciem podróży</p>,<p>- gwarancja niezmienności ceny GRATIS na wszystkie oferty</p>,<p>- wsparcie centrum alarmowego 24/7</p>,<h3 class=""hotel-description__subject hotel--description--subject"">Położenie:</h3>,<p></p>",https://cdntravelplanet.pl/151703/XYOB/miniature650x367/grecja/ateny/ateny/new_0.jpeg?datago=1&t=637431710935327188,1
"Strona główna,super last minute,grecja",,"Data rozpoczęcia:pt. 18.12.2020,Czas Trwania:6 dni,Posiłki:BB - Śniadania,Wylot z:Warszawa - Modlin,Operator:Yobboo",Titania,1455,"<h3 class=""hotel-description__subject hotel--description--subject"">Opis oferty:</h3>,<p></p>,<p>Drodzy Klienci, już od wielu lat Yobboo Travel oferuje Wam wysokiej jakości wyjazdy poprzez współpracę ze sprawdzonymi i zaufanymi partnerami na całym świecie.</p>,<p>Do każdej oferty dołączamy wyjątkowy na rynku pakiet korzyści Yobboo Travel</p>,<p>- możliwość otrzymania kart pokładowych RÓWNIEŻ na lot powrotny przed rozpoczęciem podróży</p>,<p>- gwarancja niezmienności ceny GRATIS na wszystkie oferty</p>,<p>- wsparcie centrum alarmowego 24/7</p>,<h3 class=""hotel-description__subject hotel--description--subject"">Położenie:</h3>,<p></p>",https://cdntravelplanet.pl/15333/XYOB/miniature650x367/grecja/ateny/ateny/titania_0.jpeg?datago=1&t=637436646066031015,1
"Strona główna,super last minute,grecja",,"Data rozpoczęcia:pt. 18.12.2020,Czas Trwania:6 dni,Posiłki:RO - Bez wyżywienia,Wylot z:Warszawa - Modlin,Operator:Yobboo",Acropolis Select,1088,"<h3 class=""hotel-description__subject hotel--description--subject"">Opis oferty:</h3>,<p></p>,<p>Drodzy Klienci, już od wielu lat Yobboo Travel oferuje Wam wysokiej jakości wyjazdy poprzez współpracę ze sprawdzonymi i zaufanymi partnerami na całym świecie.</p>,<p>Do każdej oferty dołączamy wyjątkowy na rynku pakiet korzyści Yobboo Travel</p>,<p>- możliwość otrzymania kart pokładowych RÓWNIEŻ na lot powrotny przed rozpoczęciem podróży</p>,<p>- gwarancja niezmienności ceny GRATIS na wszystkie oferty</p>,<p>- wsparcie centrum alarmowego 24/7</p>,<h3 class=""hotel-description__subject hotel--description--subject"">Położenie:</h3>,<p></p>",https://cdntravelplanet.pl/92248/XYOB/miniature650x367/grecja/ateny/ateny/acropolis-select_0.jpeg?datago=1&t=637433263438374063,1
"Strona główna,super last minute,grecja",,"Data rozpoczęcia:pt. 18.12.2020,Czas Trwania:6 dni,Posiłki:RO - Bez wyżywienia,Wylot z:Warszawa - Modlin,Operator:Yobboo",Coral Athen,1210,"<h3 class=""hotel-description__subject hotel--description--subject"">Opis oferty:</h3>,<p></p>,<p>Drodzy Klienci, już od wielu lat Yobboo Travel oferuje Wam wysokiej jakości wyjazdy poprzez współpracę ze sprawdzonymi i zaufanymi partnerami na całym świecie.</p>,<p>Do każdej oferty dołączamy wyjątkowy na rynku pakiet korzyści Yobboo Travel</p>,<p>- możliwość otrzymania kart pokładowych RÓWNIEŻ na lot powrotny przed rozpoczęciem podróży</p>,<p>- gwarancja niezmienności ceny GRATIS na wszystkie oferty</p>,<p>- wsparcie centrum alarmowego 24/7</p>,<h3 class=""hotel-description__subject hotel--description--subject"">Położenie:</h3>,<p></p>",https://cdntravelplanet.pl/89604/XYOB/miniature650x367/grecja/ateny/ateny/coral-athen_0.jpeg?datago=1&t=637435322576202110,1
"Strona główna,super last minute,grecja",,"Data rozpoczęcia:pon. 21.12.2020,Czas Trwania:7 dni,Posiłki:BB - Śniadania,Wylot z:Warszawa - Modlin,Operator:Yobboo",Arethusa,1020,"<h3 class=""hotel-description__subject hotel--description--subject"">Opis oferty:</h3>,<p></p>,<p>Drodzy Klienci, już od wielu lat Yobboo Travel oferuje Wam wysokiej jakości wyjazdy poprzez współpracę ze sprawdzonymi i zaufanymi partnerami na całym świecie.</p>,<p>Do każdej oferty dołączamy wyjątkowy na rynku pakiet korzyści Yobboo Travel</p>,<p>- możliwość otrzymania kart pokładowych RÓWNIEŻ na lot powrotny przed rozpoczęciem podróży</p>,<p>- gwarancja niezmienności ceny GRATIS na wszystkie oferty</p>,<p>- wsparcie centrum alarmowego 24/7</p>,<h3 class=""hotel-description__subject hotel--description--subject"">Położenie:</h3>,<p></p>",https://cdntravelplanet.pl/74767/XYOB/miniature650x367/grecja/ateny/ateny/arethusa_0.jpeg?datago=1&t=637436484846529062,1
"Strona główna,super last minute,grecja",,"Data rozpoczęcia:pt. 18.12.2020,Czas Trwania:6 dni,Posiłki:RO - Bez wyżywienia,Wylot z:Warszawa - Modlin,Operator:Yobboo",Art (Athens),751,"<h3 class=""hotel-description__subject hotel--description--subject"">Opis oferty:</h3>,<p></p>,<p>Drodzy Klienci, już od wielu lat Yobboo Travel oferuje Wam wysokiej jakości wyjazdy poprzez współpracę ze sprawdzonymi i zaufanymi partnerami na całym świecie.</p>,<p>Do każdej oferty dołączamy wyjątkowy na rynku pakiet korzyści Yobboo Travel</p>,<p>- możliwość otrzymania kart pokładowych RÓWNIEŻ na lot powrotny przed rozpoczęciem podróży</p>,<p>- gwarancja niezmienności ceny GRATIS na wszystkie oferty</p>,<p>- wsparcie centrum alarmowego 24/7</p>,<h3 class=""hotel-description__subject hotel--description--subject"">Hotel:</h3>,<p></p>",https://cdntravelplanet.pl/89317/XYOB/miniature650x367/grecja/ateny/ateny/art-(athens)_0.jpeg?datago=1&t=637437329835820235,1
"Strona główna,super last minute,grecja",,"Data rozpoczęcia:pt. 18.12.2020,Czas Trwania:6 dni,Posiłki:BB - Śniadania,Wylot z:Warszawa - Modlin,Operator:Yobboo",Apollo (Athens),676,"<h3 class=""hotel-description__subject hotel--description--subject"">Opis oferty:</h3>,<p></p>,<p>Drodzy Klienci, już od wielu lat Yobboo Travel oferuje Wam wysokiej jakości wyjazdy poprzez współpracę ze sprawdzonymi i zaufanymi partnerami na całym świecie.</p>,<p>Do każdej oferty dołączamy wyjątkowy na rynku pakiet korzyści Yobboo Travel</p>,<p>- możliwość otrzymania kart pokładowych RÓWNIEŻ na lot powrotny przed rozpoczęciem podróży</p>,<p>- gwarancja niezmienności ceny GRATIS na wszystkie oferty</p>,<p>- wsparcie centrum alarmowego 24/7</p>,<h3 class=""hotel-description__subject hotel--description--subject"">Położenie:</h3>,<p></p>",https://cdntravelplanet.pl/73602/XYOB/miniature650x367/grecja/ateny/ateny/apollo-(athens)_0.jpeg?datago=1&t=637438206186181563,1
"Strona główna,super last minute,malta",8,"Data rozpoczęcia:sob. 12.12.2020,Czas Trwania:7 dni,Posiłki:RO - Bez wyżywienia,Wylot z:Berlin,Operator:Exim Tours",Relax Inn,549,"<h3 class=""hotel-description__subject hotel--description--subject"">:</h3>,<p>3<br>Malta/Wyspa Malta</p>,<h3 class=""hotel-description__subject hotel--description--subject"">Kategoryzacja hotel: :</h3>,<p>- kat. Eximtours 3*<br>- kal. lokalna 3*</p>,<h3 class=""hotel-description__subject hotel--description--subject"">Położenie :</h3>,<p>- Bugibba<br>- w pobliżu liczne sklepy, restauracje, bary, kasyno, przystanek autobusowy<br>- Water Park ok.6 km<br>- Mdina ok.7 km<br>- ok. 14 km od Valetty<br>- ok.20 km od lotniska</p>,<h3 class=""hotel-description__subject hotel--description--subject"">Plaża :</h3>,<p>- skalista ok.200 m<br>- leżaki i parasole za opłatą</p>,<h3 class=""hotel-description__subject hotel--description--subject"">Pokoje :</h3>",https://cdntravelplanet.pl/30373/EXIM/miniature650x367/malta/wyspa-malta/bugibba/relax-inn_0.jpg?datago=1&t=637433591807943750,1
"Strona główna,super last minute,grecja",,"Data rozpoczęcia:pt. 18.12.2020,Czas Trwania:6 dni,Posiłki:RO - Bez wyżywienia,Wylot z:Warszawa - Modlin,Operator:Yobboo",Achillion (Athens),628,"<h3 class=""hotel-description__subject hotel--description--subject"">Opis oferty:</h3>,<p></p>,<p>Drodzy Klienci, już od wielu lat Yobboo Travel oferuje Wam wysokiej jakości wyjazdy poprzez współpracę ze sprawdzonymi i zaufanymi partnerami na całym świecie.</p>,<p>Do każdej oferty dołączamy wyjątkowy na rynku pakiet korzyści Yobboo Travel</p>,<p>- możliwość otrzymania kart pokładowych RÓWNIEŻ na lot powrotny przed rozpoczęciem podróży</p>,<p>- gwarancja niezmienności ceny GRATIS na wszystkie oferty</p>,<p>- wsparcie centrum alarmowego 24/7</p>,<h3 class=""hotel-description__subject hotel--description--subject"">Położenie:</h3>,<p></p>",https://cdntravelplanet.pl/164170/XYOB/miniature650x367/grecja/ateny/ateny/achillion-(athens)_0.jpeg?datago=1&t=637433893848836250,1
"Strona główna,super last minute,grecja",,"Data rozpoczęcia:pt. 18.12.2020,Czas Trwania:6 dni,Posiłki:BB - Śniadania,Wylot z:Warszawa - Modlin,Operator:Yobboo",Delphi Art,654,"<h3 class=""hotel-description__subject hotel--description--subject"">Opis oferty:</h3>,<p></p>,<p>Drodzy Klienci, już od wielu lat Yobboo Travel oferuje Wam wysokiej jakości wyjazdy poprzez współpracę ze sprawdzonymi i zaufanymi partnerami na całym świecie.</p>,<p>Do każdej oferty dołączamy wyjątkowy na rynku pakiet korzyści Yobboo Travel</p>,<p>- możliwość otrzymania kart pokładowych RÓWNIEŻ na lot powrotny przed rozpoczęciem podróży</p>,<p>- gwarancja niezmienności ceny GRATIS na wszystkie oferty</p>,<p>- wsparcie centrum alarmowego 24/7</p>,<h3 class=""hotel-description__subject hotel--description--subject"">Hotel:</h3>,<p></p>",https://cdntravelplanet.pl/16339/XYOB/miniature650x367/grecja/ateny/ateny/delphi-art_0.jpeg?datago=1&t=637432288616072578,1
"Strona główna,super last minute,turcja",43,"Data rozpoczęcia:sob. 12.12.2020,Czas Trwania:7 dni,Posiłki:AI - All Inclusive,Wylot z:Katowice,Operator:Coral Travel",Justiniano Deluxe Resort,957,"<h3 class=""hotel-description__subject hotel--description--subject"">KATEGORIA:</h3>,<p>5*</p>,<h3 class=""hotel-description__subject hotel--description--subject"">REGION:</h3>,<p>Alanya</p>,<h3 class=""hotel-description__subject hotel--description--subject"">OPIS:</h3>,<p>Atrakcyjnie zlokalizowany bezpośrednio przy plaży hotel znajduje się w miejscu, gdzie błękitne morze spotyka się z unikalną przyrodą, błękit z zielenią. Położony niedaleko miejscowości Okurcalar - centrum rozrywki, zabawy i wypoczynku. Oferuje ciekawy program animacyjny dla dzieci i dorosłych oraz rozbudowane zaplecze rekreacyjno-sportowe dla wielbicieli aktywnych wakacji.</p>,<h3 class=""hotel-description__subject hotel--description--subject"">lokalizacja:</h3>,<p>35 km od centrum Alanyi, 85 km od lotniska w Antalyi-AYT. Hotel usytuowany na powierzchni: 9500 m2.</p>,<h3 class=""hotel-description__subject hotel--description--subject"">kategoria organizatora:</h3>",https://cdntravelplanet.pl/8232/WEZY/miniature650x367/turcja/alanya/okurcalar/justiniano-deluxe-resort_0.jpg?datago=1&t=637433011339451484,1
"Strona główna,super last minute,turcja",32,"Data rozpoczęcia:sob. 12.12.2020,Czas Trwania:7 dni,Posiłki:AI - All Inclusive,Wylot z:Warszawa,Operator:Coral Travel",Kleopatra Atlas,939,"<h3 class=""hotel-description__subject hotel--description--subject"">KATEGORIA:</h3>,<p>4*</p>,<h3 class=""hotel-description__subject hotel--description--subject"">REGION:</h3>,<p>Alanya</p>,<h3 class=""hotel-description__subject hotel--description--subject"">OPIS:</h3>,<p>Miejski hotel dla Gości 16+, położony w centrum lubianej przez turystów miejscowości Alanya, niedaleko plaży Kleopatry. Polecany szczególnie osobom nastawionym na rozrywkę, zwiedzanie i odpoczynek w jednym. Po dniu spędzonym nad morzem lub przy hotelowym basenie nadmorski kurort Alanya zapewni zabawę do białego rana.</p>,<h3 class=""hotel-description__subject hotel--description--subject"">lokalizacja:</h3>,<p>500 m od centrum Alanyi, 120 km od lotniska w Antalyi-AYT. Hotel usytuowany na powierzchni: 3000 m2.</p>,<h3 class=""hotel-description__subject hotel--description--subject"">kategoria organizatora:</h3>",https://cdntravelplanet.pl/11401/WEZY/miniature650x367/turcja/alanya/alanya/kleopatra-atlas_0.jpg?datago=1&t=637432832137826562,1
"Strona główna,super last minute,turcja",34,"Data rozpoczęcia:sob. 12.12.2020,Czas Trwania:7 dni,Posiłki:AI - All Inclusive,Wylot z:Katowice,Operator:Coral Travel",Linda Resort (Side),841,"<h3 class=""hotel-description__subject hotel--description--subject"">KATEGORIA:</h3>,<p>5*</p>,<h3 class=""hotel-description__subject hotel--description--subject"">REGION:</h3>,<p>Side</p>,<h3 class=""hotel-description__subject hotel--description--subject"">OPIS:</h3>,<p>Położony nad jeziorem Titreyengol, w otoczeniu zieleni hotel, polecany na aktywny wypoczynek z rodziną. Baseny, zjeżdżalnie, mini klub dla dzieci, centrum spa dla rodziców, animacje a do tego restauracje i bary, wszystko to czeka na Gości pragnących spędzić wakacje w otoczeniu sosnowego lasu. Położona niedaleko plaża zachęca do relaksu na zacienionym leżaku oraz romantycznych spacerów wzdłuż morza.</p>,<h3 class=""hotel-description__subject hotel--description--subject"">lokalizacja:</h3>,<p>4 km od centrum Side, 3 km od Manavgat, 70 km od lotniska w Antalyi-AYT. Hotel usytuowany na powierzchni: 22000 m2.</p>,<h3 class=""hotel-description__subject hotel--description--subject"">kategoria organizatora:</h3>",https://cdntravelplanet.pl/3884/WEZY/miniature650x367/turcja/side/titreyengol/linda-resort-(side)_0.jpg?datago=1&t=637437656923876875,1
"Strona główna,super last minute,turcja",39,"Data rozpoczęcia:sob. 12.12.2020,Czas Trwania:7 dni,Posiłki:AI - All Inclusive,Wylot z:Warszawa,Operator:Coral Travel",Oz Side Premium,848,"<h3 class=""hotel-description__subject hotel--description--subject"">KATEGORIA:</h3>,<p>5*</p>,<h3 class=""hotel-description__subject hotel--description--subject"">REGION:</h3>,<p>Side</p>,<h3 class=""hotel-description__subject hotel--description--subject"">OPIS:</h3>,<p>Nowoczesny, komfortowy hotel doskonale zlokalizowany w pobliżu pięknej piaszczystej plaży w niedużej odległości od starożytnego Side. Na terenie hotelu Goście znajdą wszystko, co potrzeba do wygodnego wypoczynku, a w zasięgu ręki znajdują się liczne bazary oraz przepiękna nadmorska promenada. Hotel spodoba się zarówno parom, jak i rodzinom z dziećmi. Jest idealny dla osób, którym zależy na luksusowych wakacjach.</p>,<h3 class=""hotel-description__subject hotel--description--subject"">lokalizacja:</h3>,<p>6 km od centrum Side, 100 m od Evrenseki, 65 km od lotniska w Antalyi-AYT. Hotel usytuowany na powierzchni: 20000 m2.</p>,<h3 class=""hotel-description__subject hotel--description--subject"">kategoria organizatora:</h3>",https://cdntravelplanet.pl/11403/WEZY/miniature650x367/turcja/side/evrenseki/oz-side-premium_0.jpg?datago=1&t=637433274813514464,1
"Strona główna,super last minute,turcja",25,"Data rozpoczęcia:sob. 12.12.2020,Czas Trwania:7 dni,Posiłki:HB - Dwa posiłki,Wylot z:Katowice,Operator:Coral Travel",Xperia Saray Beach,876,"<h3 class=""hotel-description__subject hotel--description--subject"">KATEGORIA:</h3>,<p>4*</p>,<h3 class=""hotel-description__subject hotel--description--subject"">REGION:</h3>,<p>Alanya</p>,<h3 class=""hotel-description__subject hotel--description--subject"">OPIS:</h3>,<p>Xperia Saray Beach zapewnia niezapomniane wakacje. W połączeniu z lazurem Morza Śródziemnego z niekończącą się akcją Alanyi, Saray Beach oferuje swoim gościom niespotykany luksus w sercu natury.</p>,<h3 class=""hotel-description__subject hotel--description--subject"">lokalizacja:</h3>,<p>50 m od centrum Alanyi, 120 km od lotniska w Antalyi-AYT. Hotel usytuowany na powierzchni: 2000 m2.</p>,<h3 class=""hotel-description__subject hotel--description--subject"">kategoria organizatora:</h3>",https://cdntravelplanet.pl/4486/WEZY/miniature650x367/turcja/alanya/alanya/xperia-saray-beach_0.jpg?datago=1&t=637433709647855859,1
"Strona główna,super last minute,turcja",42,"Data rozpoczęcia:sob. 12.12.2020,Czas Trwania:7 dni,Posiłki:HB - Dwa posiłki,Wylot z:Katowice,Operator:Coral Travel",Otium Boutique Delight,835,"<h3 class=""hotel-description__subject hotel--description--subject"">KATEGORIA:</h3>,<p>hotel butikowy</p>,<h3 class=""hotel-description__subject hotel--description--subject"">REGION:</h3>,<p>Antalya</p>,<h3 class=""hotel-description__subject hotel--description--subject"">OPIS:</h3>,<p>Hotel butikowy położony w centrum turystycznego miasta Antalya. Wszystkie atrakcje, zabytki i sklepy będą stąd na wyciągnięcie ręki. Do tego komfortowo urządzone pokoje umilą pobyt i pozwolą na relaks po całodziennym zwiedzaniu.</p>,<h3 class=""hotel-description__subject hotel--description--subject"">lokalizacja:</h3>,<p>Antalya, 15 km od lotniska w Antalyi-AYT. Hotel usytuowany na powierzchni: 1000 m2.</p>,<h3 class=""hotel-description__subject hotel--description--subject"">kategoria organizatora:</h3>",https://cdntravelplanet.pl/24729/WEZY/miniature650x367/turcja/antalya/antalya/otium-boutique-delight_0.jpg?datago=1&t=637432077977820625,1
"Strona główna,super last minute,turcja",38,"Data rozpoczęcia:sob. 12.12.2020,Czas Trwania:7 dni,Posiłki:AI - All Inclusive,Wylot z:Katowice,Operator:Coral Travel",Seher Resort & Spa,920,"<h3 class=""hotel-description__subject hotel--description--subject"">KATEGORIA:</h3>,<p>5*</p>,<h3 class=""hotel-description__subject hotel--description--subject"">REGION:</h3>,<p>Side</p>,<h3 class=""hotel-description__subject hotel--description--subject"">OPIS:</h3>,<p>Hotel polecany osobom chcącym spędzić wakacje w spokojnej okolicy. Atutem tego miejsca jest pobliska plaża należąca do hotelu i posiadająca certyfikat Błękitnej Flagi oraz rozbudowane zaplecze rekreacyjno-sportowe dla osób w każdym wieku. Na gości czeka basen, hotelowe centrum SPA, miniklub i plac zabaw.Osoby poszukujące miejskich atrakcji, mogą się wybrać do położonego w odległości 8 km starożytnego miasta Side.</p>,<h3 class=""hotel-description__subject hotel--description--subject"">lokalizacja:</h3>,<p>6 km od centrum Side, 50 m od Evrenseki, 55 km od lotniska w Antalyi-AYT. Hotel usytuowany na powierzchni: 16000 m2.</p>,<h3 class=""hotel-description__subject hotel--description--subject"">kategoria organizatora:</h3>",https://cdntravelplanet.pl/1253/WEZY/miniature650x367/turcja/side/colakli/seher-resort--spa_0.jpg?datago=1&t=637433694754597969,1
"Strona główna,super last minute,turcja",51,"Data rozpoczęcia:sob. 12.12.2020,Czas Trwania:7 dni,Posiłki:AI - All Inclusive,Wylot z:Katowice,Operator:Coral Travel",PrimaSol Hane Garden (ex. Hane Garden),797,"<h3 class=""hotel-description__subject hotel--description--subject"">KATEGORIA:</h3>,<p>5*</p>,<h3 class=""hotel-description__subject hotel--description--subject"">REGION:</h3>,<p>Side</p>,<h3 class=""hotel-description__subject hotel--description--subject"">OPIS:</h3>,<p>Hotel z basenem i wyżywieniem All Inclusive będzie idealnym pomysłem na spędzenie rodzinnych wakacji. Ponadto w obiekcie znajdziemy liczne atrakcje takie jak kort do tenisa ziemnego, animacje, tenis stołowy, siatkówka plażowa, centrum SPA i wiele innych.</p>,<h3 class=""hotel-description__subject hotel--description--subject"">lokalizacja:</h3>,<p>100 m od Evrenseki, 11 km od centrum Side, 60 km od lotniska w Antalyi-AYT. Hotel usytuowany na powierzchni: 10000 m2.</p>,<h3 class=""hotel-description__subject hotel--description--subject"">kategoria organizatora:</h3>",https://cdntravelplanet.pl/5229/tpsel/miniature650x367/turcja/side/side/hane-garden_TP214746.jpg,1
"Strona główna,super last minute,turcja",,"Data rozpoczęcia:sob. 12.12.2020,Czas Trwania:7 dni,Posiłki:BB - Śniadania,Wylot z:Katowice,Operator:Coral Travel",Green Beyza,776,"<h3 class=""hotel-description__subject hotel--description--subject"">KATEGORIA:</h3>,<p>3*</p>,<h3 class=""hotel-description__subject hotel--description--subject"">REGION:</h3>,<p>Antalya</p>,<h3 class=""hotel-description__subject hotel--description--subject"">lokalizacja:</h3>,<p>10 km od centrum Antalyi, 10 km od Kaleici, 15 km od lotniska w Antalyi-AYT. Hotel usytuowany na powierzchni: 900 m2.</p>,<h3 class=""hotel-description__subject hotel--description--subject"">kategoria organizatora:</h3>,<p>3*</p>,<h3 class=""hotel-description__subject hotel--description--subject"">kategoria lokalna:</h3>",https://cdntravelplanet.pl/3969/WEZY/miniature650x367/turcja/antalya/antalya/green-beyza_0.jpg?datago=1&t=637436524337891563,1
"Strona główna,super last minute,turcja",41,"Data rozpoczęcia:sob. 12.12.2020,Czas Trwania:7 dni,Posiłki:BB - Śniadania,Wylot z:Katowice,Operator:Coral Travel",Puding Marina Residence,833,"<h3 class=""hotel-description__subject hotel--description--subject"">KATEGORIA:</h3>,<p>hotel butikowy</p>,<h3 class=""hotel-description__subject hotel--description--subject"">REGION:</h3>,<p>Antalya</p>,<h3 class=""hotel-description__subject hotel--description--subject"">OPIS:</h3>,<p>Kameralny hotel z basenem położony na Riwierze Tureckiej zapewni przyjemne i spokojne wakacje. Relaksu dopełnią wspaniałe widoki oraz zieleń znajdująca się na terenie obiektu.</p>,<h3 class=""hotel-description__subject hotel--description--subject"">lokalizacja:</h3>,<p>10 m od centrum Antalyi, 17 km od lotniska w Antalyi-AYT. Hotel usytuowany na powierzchni: 1500 m2.</p>,<h3 class=""hotel-description__subject hotel--description--subject"">kategoria organizatora:</h3>",https://cdntravelplanet.pl/25514/WEZY/miniature650x367/turcja/antalya/antalya/puding-marina-residence_0.jpg?datago=1&t=637432613718627344,1
"Strona główna,super last minute,turcja",19,"Data rozpoczęcia:sob. 12.12.2020,Czas Trwania:7 dni,Posiłki:BB - Śniadania,Wylot z:Katowice,Operator:Coral Travel",Club Falcon,812,"<h3 class=""hotel-description__subject hotel--description--subject"">KATEGORIA:</h3>,<p>4*</p>,<h3 class=""hotel-description__subject hotel--description--subject"">REGION:</h3>,<p>Antalya</p>,<h3 class=""hotel-description__subject hotel--description--subject"">OPIS:</h3>,<p>Hotel położony nieopodal znanego miasta Antalya. Oferuje swoim gościom prywatną plażę, basen i ogród polecany na relaks. Niedawno odnowione pokoje także pozwolą na relaks rodzinom z dziećmi. Na najmłodszych czekają brodziki, miniklub czy plac zabaw. W tygodniu hotel oferuje wieczór turecki z tańcami i muzyką orientalną.</p>,<h3 class=""hotel-description__subject hotel--description--subject"">lokalizacja:</h3>,<p>5 km od centrum Antalyi, 17 km od lotniska w Antalyi-AYT. Hotel usytuowany na powierzchni: 13500 m2.</p>,<h3 class=""hotel-description__subject hotel--description--subject"">kategoria organizatora:</h3>",https://cdntravelplanet.pl/1993/tpsel/miniature650x367/turcja/antalya/antalya/club-falcon_TP197288.jpg,1
"Strona główna,super last minute,turcja",39,"Data rozpoczęcia:sob. 12.12.2020,Czas Trwania:7 dni,Posiłki:BB - Śniadania,Wylot z:Katowice,Operator:Coral Travel",Arsi Enfi City Beach (Ex. International),732,"<h3 class=""hotel-description__subject hotel--description--subject"">KATEGORIA:</h3>,<p>4*</p>,<h3 class=""hotel-description__subject hotel--description--subject"">REGION:</h3>,<p>Alanya</p>,<h3 class=""hotel-description__subject hotel--description--subject"">OPIS:</h3>,<p>Kameralny hotel położony blisko centrum Alanyi w otoczeniu sklepów i barów to odpowiedni wybór dla chcących poznać lokalny klimat. Bliskość plaży pozwoli na wakacyjny relaks nad Morzem Śródziemnym wśród drzew palmowych</p>,<h3 class=""hotel-description__subject hotel--description--subject"">lokalizacja:</h3>,<p>1 km od centrum Alanyi, 45 km od lotniska w Gazipasa-GZP. Hotel usytuowany na powierzchni: 2500 m2.</p>,<h3 class=""hotel-description__subject hotel--description--subject"">kategoria organizatora:</h3>",https://cdntravelplanet.pl/23699/WEZY/miniature650x367/turcja/alanya/alanya/arsi-enfi-city-beach-(ex.-international)_0.jpg?datago=1&t=637436270523472421,1
"Strona główna,super last minute,turcja",34,"Data rozpoczęcia:sob. 12.12.2020,Czas Trwania:7 dni,Posiłki:BB - Śniadania,Wylot z:Warszawa,Operator:Coral Travel",Acar,739,"<h3 class=""hotel-description__subject hotel--description--subject"">KATEGORIA:</h3>,<p>4*</p>,<h3 class=""hotel-description__subject hotel--description--subject"">REGION:</h3>,<p>Alanya</p>,<h3 class=""hotel-description__subject hotel--description--subject"">OPIS:</h3>,<p>Kameralny hotel z basenem i animacjami. W obiekcie znajdziemy m.in siłownię, łaźnię, czy centrum SPA. Ponadto położenie w pobliżu centrum Alanyi sprawi, że będzie to idealne miejsce dla tych, którzy pragną poznać atrakcje tego miasta.</p>,<h3 class=""hotel-description__subject hotel--description--subject"">lokalizacja:</h3>,<p>2 km od centrum Alanyi, 130 km od lotniska w Antalyi-AYT. Hotel usytuowany na powierzchni: 2900 m2.</p>,<h3 class=""hotel-description__subject hotel--description--subject"">kategoria organizatora:</h3>",https://cdntravelplanet.pl/473/WEZY/miniature650x367/turcja/alanya/alanya/acar_0.jpg?datago=1&t=637433374003162422,1
"Strona główna,super last minute,turcja",36,"Data rozpoczęcia:sob. 12.12.2020,Czas Trwania:7 dni,Posiłki:RO - Bez wyżywienia,Wylot z:Katowice,Operator:Coral Travel",Viking Suite,724,"<h3 class=""hotel-description__subject hotel--description--subject"">KATEGORIA:</h3>,<p>4*</p>,<h3 class=""hotel-description__subject hotel--description--subject"">REGION:</h3>,<p>Kemer</p>,<h3 class=""hotel-description__subject hotel--description--subject"">OPIS:</h3>,<p>Hotel apartamentowy położony w dobrej lokalizacji blisko centrum i niedaleko od morza, 10 minut spacerem do plaży. Przyjazny rodzinom z dziećmi, oferuje komfortowe warunki mieszkalne z wieloma udogodnieniami.</p>,<h3 class=""hotel-description__subject hotel--description--subject"">lokalizacja:</h3>,<p>100 m od centrum Kemer, 55 km od lotniska w Antalyi-AYT. Hotel usytuowany na powierzchni: 2300 m2.</p>,<h3 class=""hotel-description__subject hotel--description--subject"">kategoria organizatora:</h3>",https://cdntravelplanet.pl/24106/WEZY/miniature650x367/turcja/kemer/kemer/viking-suite_0.jpg?datago=1&t=637434344575127891,1
"Strona główna,super last minute,turcja",46,"Data rozpoczęcia:sob. 12.12.2020,Czas Trwania:7 dni,Posiłki:HB - Dwa posiłki,Wylot z:Katowice,Operator:Coral Travel",Otium Boutique Delight Aparts,819,"<h3 class=""hotel-description__subject hotel--description--subject"">KATEGORIA:</h3>,<p>hotel butikowy</p>,<h3 class=""hotel-description__subject hotel--description--subject"">REGION:</h3>,<p>Antalya</p>,<h3 class=""hotel-description__subject hotel--description--subject"">OPIS:</h3>,<p>Butikowy hotel położony w dogodnej lokalizacji - w samym centrum słonecznej Antalyi, co z pewnością będzie idealnym pomysłem na wakacje dla wszystkich miłośników przygód i aktywnego zwiedzania. Ponadto przytulnie urządzone pokoje i piękne widoki z hotelu - to wszystko czeka na Gości.</p>,<h3 class=""hotel-description__subject hotel--description--subject"">lokalizacja:</h3>,<p>Antalya, 15 km od lotniska w Antalyi-AYT. Hotel usytuowany na powierzchni: 500 m2.</p>,<h3 class=""hotel-description__subject hotel--description--subject"">kategoria organizatora:</h3>",https://cdntravelplanet.pl/27685/WEZY/miniature650x367/turcja/antalya/antalya/otium-boutique-delight-aparts_5.jpg?datago=1&t=637431928215691719,1
"Strona główna,super last minute,turcja",54,"Data rozpoczęcia:sob. 12.12.2020,Czas Trwania:7 dni,Posiłki:BB - Śniadania,Wylot z:Katowice,Operator:Coral Travel",Arsi Blue Beach (ex Kemalhan Beach),717,"<h3 class=""hotel-description__subject hotel--description--subject"">KATEGORIA:</h3>,<p>4*</p>,<h3 class=""hotel-description__subject hotel--description--subject"">REGION:</h3>,<p>Alanya</p>,<h3 class=""hotel-description__subject hotel--description--subject"">OPIS:</h3>,<p>Basen, bliska odległość do plaży czy pakiet All Inclusive z pewnością zachęcą Gości do pobytu właśnie tutaj. Bliskość do centrum Alanyi (miasta z zabytkami, sklepami i wszelkiego typu rozrywkami) będzie dodatkowym atutem.</p>,<h3 class=""hotel-description__subject hotel--description--subject"">lokalizacja:</h3>,<p>3 km od centrum Alanyi, 30 km od lotniska w Gazipasa-GZP, 130 km od lotniska w Antalyi-AYT. Hotel usytuowany na powierzchni: 5000 m2.</p>,<h3 class=""hotel-description__subject hotel--description--subject"">kategoria organizatora:</h3>",https://cdntravelplanet.pl/29555/WEZY/miniature650x367/turcja/alanya/alanya/arsi-blue-beach-(ex-kemalhan-beach)_0.jpg?datago=1&t=637434511744947031,1
"Strona główna,super last minute,turcja",9,"Data rozpoczęcia:sob. 12.12.2020,Czas Trwania:7 dni,Posiłki:AI - All Inclusive,Wylot z:Warszawa,Operator:Coral Travel",Concorde Deluxe Resort,1949,"<h3 class=""hotel-description__subject hotel--description--subject"">KATEGORIA:</h3>,<p>5*</p>,<h3 class=""hotel-description__subject hotel--description--subject"">REGION:</h3>,<p>Antalya</p>,<h3 class=""hotel-description__subject hotel--description--subject"">OPIS:</h3>,<p>Rozległy kompleks już z zewnątrz zachwyca swych Gości, a to za sprawą futurystycznego wyglądu dachu w kształcie samolotu Concorde. Z hotelowych pokoi rozciąga się piękny widok na szeroką plażę i błękitne morze. Hotel oferuje bogatą ofertę w zabiegów w centrum SPA, przestronne pokoje dla rodzin z dziećmi oraz całodobowe wyżywienie.</p>,<h3 class=""hotel-description__subject hotel--description--subject"">lokalizacja:</h3>,<p>14 km od centrum Antalyi, 10 km od lotniska w Antalyi-AYT. Hotel usytuowany na powierzchni: 62000 m2.</p>,<h3 class=""hotel-description__subject hotel--description--subject"">kategoria organizatora:</h3>",https://cdntravelplanet.pl/576/WEZY/miniature650x367/turcja/antalya/antalya/concorde-deluxe-resort_0.jpg?datago=1&t=637434007096421640,1
"Strona główna,super last minute,turcja",14,"Data rozpoczęcia:sob. 12.12.2020,Czas Trwania:7 dni,Posiłki:AI - All Inclusive,Wylot z:Warszawa,Operator:Coral Travel",Rixos Downtown (Antalya),1884,"<h3 class=""hotel-description__subject hotel--description--subject"">KATEGORIA:</h3>,<p>5*</p>,<h3 class=""hotel-description__subject hotel--description--subject"">REGION:</h3>,<p>Antalya</p>,<h3 class=""hotel-description__subject hotel--description--subject"">OPIS:</h3>,<p>Ten pięciogwiazdkowy hotel to idealne połączenie tętniącego życiem miasta i spokoju natury. Położony w Antalyi pośród zielonego, egzotycznego ogrodu oferuje fantastyczne widoki na morze i góry Taurus.</p>,<h3 class=""hotel-description__subject hotel--description--subject"">lokalizacja:</h3>,<p>1 km od centrum Antalyi, 2 km od Kaleici, 18 km od lotniska w Antalya-AYT. Hotel usytuowany na powierzchni: 42462 m2.</p>,<h3 class=""hotel-description__subject hotel--description--subject"">kategoria organizatora:</h3>",https://cdntravelplanet.pl/781/WEZY/miniature650x367/turcja/antalya/antalya/rixos-downtown-(antalya)_0.jpg?datago=1&t=637434043991577890,1
"Strona główna,super last minute,turcja",43,"Data rozpoczęcia:sob. 12.12.2020,Czas Trwania:7 dni,Posiłki:AI - All Inclusive,Wylot z:Katowice,Operator:Coral Travel",Sueno Golf Belek,1702,"<h3 class=""hotel-description__subject hotel--description--subject"">KATEGORIA:</h3>,<p>5*</p>,<h3 class=""hotel-description__subject hotel--description--subject"">REGION:</h3>,<p>Belek</p>,<h3 class=""hotel-description__subject hotel--description--subject"">OPIS:</h3>,<p>Hotel w spokojnej okolicy w niedalekiej odległości od pola golfowego ucieszy miłośników tego sportu. Bardzo dobra oferta dla wszystkich, którzy pragną spędzić aktywne wakacje i jednocześnie wypocząć relaksując się podczas zabiegów w centrum SPA.</p>,<h3 class=""hotel-description__subject hotel--description--subject"">lokalizacja:</h3>,<p>5 km od centrum Belek, 3 km od Kadriye, 30 km od lotniska w Antalyi-AYT. Hotel usytuowany na powierzchni: 1410000 m2.</p>,<h3 class=""hotel-description__subject hotel--description--subject"">kategoria organizatora:</h3>",https://cdntravelplanet.pl/981/WEZY/miniature650x367/turcja/belek/belek/sueno-golf-belek_0.jpg?datago=1&t=637431705684797189,1
"Strona główna,super last minute,turcja",11,"Data rozpoczęcia:sob. 12.12.2020,Czas Trwania:7 dni,Posiłki:HB - Dwa posiłki,Wylot z:Katowice,Operator:Coral Travel",Sunis Su,1630,"<h3 class=""hotel-description__subject hotel--description--subject"">KATEGORIA:</h3>,<p>5*</p>,<h3 class=""hotel-description__subject hotel--description--subject"">REGION:</h3>,<p>Antalya</p>,<h3 class=""hotel-description__subject hotel--description--subject"">OPIS:</h3>,<p>Hotel, w którym można cieszyć się każdą minutą wypoczynku jednocześnie spędzając aktywny dzień, uprawiając sporty w otoczeniu zieleni lub zrelaksować się na hamaku czytając książkę. Minimalistyczny i nowoczesny wystrój przyciągają uwagę.</p>,<h3 class=""hotel-description__subject hotel--description--subject"">lokalizacja:</h3>,<p>2 km od centrum Antalyi, 18 km od lotniska w Antalyi-AYT. Hotel usytuowany na powierzchni: 28500 m2.</p>,<h3 class=""hotel-description__subject hotel--description--subject"">kategoria organizatora:</h3>",https://cdntravelplanet.pl/771/WEZY/miniature650x367/turcja/antalya/antalya/sunis-su_0.jpg?datago=1&t=637434668502035547,1
"Strona główna,super last minute,turcja",19,"Data rozpoczęcia:sob. 12.12.2020,Czas Trwania:7 dni,Posiłki:AI - All Inclusive,Wylot z:Katowice,Operator:Coral Travel",Royal Seginus,1739,"<h3 class=""hotel-description__subject hotel--description--subject"">KATEGORIA:</h3>,<p>5*</p>,<h3 class=""hotel-description__subject hotel--description--subject"">REGION:</h3>,<p>Antalya</p>,<h3 class=""hotel-description__subject hotel--description--subject"">OPIS:</h3>,<p>Jako jeden z sieci hotelowej Stone Group obiekt został wybudowany na powierzchni 70 000 m2 i został otwarty w maju 2017 roku. Korzystny dla Gości ze względu na krótki transfer do lotniska w Antalyi, zwłaszcza tych z dziećmi. W nowoczesnej architekturze, komfortowych i stylowych pokojach oferuje wyjątkowy wypoczynek podczas rodzinnych wakacji w Turcji.</p>,<h3 class=""hotel-description__subject hotel--description--subject"">lokalizacja:</h3>,<p>Lara, 17 km od centrum Antalyi, 15 km od lotniska w Antalyi-AYT. Hotel usytuowany na powierzchni: 70000 m2.</p>,<h3 class=""hotel-description__subject hotel--description--subject"">kategoria organizatora:</h3>",https://cdntravelplanet.pl/21034/WEZY/miniature650x367/turcja/antalya/antalya/royal-seginus_0.jpg?datago=1&t=637433899047791328,1
"Strona główna,super last minute,turcja",34,"Data rozpoczęcia:sob. 12.12.2020,Czas Trwania:7 dni,Posiłki:AI - All Inclusive,Wylot z:Warszawa,Operator:Coral Travel",Xanadu Resort,1666,"<h3 class=""hotel-description__subject hotel--description--subject"">KATEGORIA:</h3>,<p>5*</p>,<h3 class=""hotel-description__subject hotel--description--subject"">REGION:</h3>,<p>Belek</p>,<h3 class=""hotel-description__subject hotel--description--subject"">Opis:</h3>,<p>Xanadu Resort to elegancki kurort położony w malowniczej scenerii wśród piniowego lasu. Na ogromnej przestrzeni znajduje się mnóstwo atrakcji dla dzieci: miniklub Fancyland, minilunapark z karuzelą, duży plac zabaw, zjeżdżalnie wodne i animacje dla dzieci. Urokliwa piaszczysto-żwirowa plaża i krystaliczne morze zachęca do zażywania wodnych i słonecznych kąpieli. Moc atrakcji i urozmaicony program rozrywkowy sprawi, że urlop spędzony w XANADU RESORT będzie wyjątkowy.</p>,<h3 class=""hotel-description__subject hotel--description--subject"">lokalizacja:</h3>,<p>6 km od centrum Belek, 40 km od lotniska w Antalyi-AYT. Hotel usytuowany na powierzchni: 184000 m2.</p>,<h3 class=""hotel-description__subject hotel--description--subject"">kategoria organizatora:</h3>",https://cdntravelplanet.pl/983/WEZY/miniature650x367/turcja/belek/belek/xanadu-resort_0.jpg?datago=1&t=637433879646547891,1
"Strona główna,super last minute,turcja",28,"Data rozpoczęcia:sob. 12.12.2020,Czas Trwania:7 dni,Posiłki:AI - All Inclusive,Wylot z:Katowice,Operator:Coral Travel",Spice,1580,"<h3 class=""hotel-description__subject hotel--description--subject"">KATEGORIA:</h3>,<p>5*</p>,<h3 class=""hotel-description__subject hotel--description--subject"">REGION:</h3>,<p>Belek</p>,<h3 class=""hotel-description__subject hotel--description--subject"">OPIS:</h3>,<p>Hotel urzeka magią i starannym wystrojem, inspirowanym indyjską kulturą. Bezpośredni dostęp do piaszczystej plaży oraz turkus morza Śródziemnego zachęcają do zażywania kąpieli wodnych i słonecznych. Liczne atrakcje przygotowane dla Gości kurortu sprawią, że urlop będzie niezapomnianym czasem zabawy i wypoczynku w pięknej scenerii, z dala od zgiełku miasta.</p>,<h3 class=""hotel-description__subject hotel--description--subject"">lokalizacja:</h3>,<p>2 km od centrum Belek, 35 km od lotniska w Antalyi-AYT. Hotel usytuowany na powierzchni: 91000 m2.</p>,<h3 class=""hotel-description__subject hotel--description--subject"">kategoria organizatora:</h3>",https://cdntravelplanet.pl/979/WEZY/miniature650x367/turcja/belek/belek/spice_0.jpg?datago=1&t=637431711329916250,1
"Strona główna,super last minute,turcja",34,"Data rozpoczęcia:sob. 12.12.2020,Czas Trwania:7 dni,Posiłki:AI - All Inclusive,Wylot z:Warszawa,Operator:Coral Travel",Alva Donna Exclusive & SPA,1449,"<h3 class=""hotel-description__subject hotel--description--subject"">KATEGORIA:</h3>,<p>5*</p>,<h3 class=""hotel-description__subject hotel--description--subject"">REGION:</h3>,<p>Belek</p>,<h3 class=""hotel-description__subject hotel--description--subject"">OPIS:</h3>,<p>Hotel Alva Donna Exclusive charakteryzuje się oryginalną architekturą oraz doskonałym położeniem w Belek - Bogazkent w otoczeniu naturalnego piękna Morza Śródziemnego tuż przy pięknej plaży. Zapewniając spokój i szczęście oraz maksymalne zadowolenie Gości, Alva Donna zamienia luksus w standard.</p>,<h3 class=""hotel-description__subject hotel--description--subject"">lokalizacja:</h3>,<p>7 km od centrum Belek, 500 m od Bogazkent, 40 km od lotniska w Antalyi-AYT. Hotel usytuowany na powierzchni: 64000 m2.</p>,<h3 class=""hotel-description__subject hotel--description--subject"">kategoria organizatora:</h3>",https://cdntravelplanet.pl/588/WEZY/miniature650x367/turcja/belek/bogazkent/alva-donna-exclusive--spa_0.jpg?datago=1&t=637437260458515547,1
"Strona główna,super last minute,turcja",,"Data rozpoczęcia:sob. 19.12.2020,Czas Trwania:7 dni,Posiłki:AI - All Inclusive,Wylot z:Warszawa,Operator:Coral Travel",Elamir Resort Hotel (ex Kemer Botanik Resort),1283,"<h3 class=""hotel-description__subject hotel--description--subject"">KATEGORIA:</h3>,<p>4*</p>,<h3 class=""hotel-description__subject hotel--description--subject"">REGION:</h3>,<p>Kemer</p>,<h3 class=""hotel-description__subject hotel--description--subject"">OPIS:</h3>,<p>Hotel z basenem i wyżywieniem All Inclusive oferuje m.in. animacje nocne, centrum SPA, siłownię. Ponadto obiekt znajduje się w odległości 1 km od centrum Kemer, co zapewni Gościom wiele atrakcji i malownicze widoki.</p>,<h3 class=""hotel-description__subject hotel--description--subject"">lokalizacja:</h3>,<p>1 km od centrum Kemer, 9 km od Goynuk, 55 km od lotniska w Antalyi-AYT. Hotel usytuowany na powierzchni: 5600 m2.</p>,<h3 class=""hotel-description__subject hotel--description--subject"">kategoria organizatora:</h3>",https://cdntravelplanet.pl/10726/WEZY/miniature650x367/turcja/kemer/kemer/elamir-resort-hotel-(ex-kemer-botanik-resort)_0.jpg?datago=1&t=637436934343321250,1
"Strona główna,super last minute,turcja",15,"Data rozpoczęcia:sob. 12.12.2020,Czas Trwania:7 dni,Posiłki:AI - All Inclusive,Wylot z:Warszawa,Operator:Coral Travel",Akka Antedon,1376,"<h3 class=""hotel-description__subject hotel--description--subject"">KATEGORIA:</h3>,<p>5*</p>,<h3 class=""hotel-description__subject hotel--description--subject"">REGION:</h3>,<p>Kemer</p>,<h3 class=""hotel-description__subject hotel--description--subject"">OPIS:</h3>,<p>Zlokalizowany w urokliwej okolicy, pomiędzy zachwycającymi pasmami górskimi i błękitem morza. Zadbany obiekt, oferujący bogate zaplecze rekreacyjno-sportowe. Będzie doskonałym miejscem wypoczynku zarówno dla rodzin z dziećmi, jak i dla osób ceniących spokój i ciszę.</p>,<h3 class=""hotel-description__subject hotel--description--subject"">lokalizacja:</h3>,<p>20 km od centrum Kemer, 41 km od lotniska w Antalyi-AYT. Hotel usytuowany na powierzchni: 90000 m2.</p>,<h3 class=""hotel-description__subject hotel--description--subject"">kategoria organizatora:</h3>",https://cdntravelplanet.pl/906/WEZY/miniature650x367/turcja/kemer/beldibi/akka-antedon_0.jpg?datago=1&t=637432580285571329,1
"Strona główna,super last minute,turcja",25,"Data rozpoczęcia:sob. 12.12.2020,Czas Trwania:7 dni,Posiłki:AI - All Inclusive,Wylot z:Warszawa,Operator:Coral Travel",Limak Lara De Luxe,1358,"<h3 class=""hotel-description__subject hotel--description--subject"">KATEGORIA:</h3>,<p>5*</p>,<h3 class=""hotel-description__subject hotel--description--subject"">REGION:</h3>,<p>Antalya</p>,<h3 class=""hotel-description__subject hotel--description--subject"">OPIS:</h3>,<p>Luksusowy i nowoczesny obiekt usytuowany bezpośrednio przy piaszczystej plaży. Liczne atrakcje takie jak centrum sportowo-rekreacyjne, ciekawe animacje, a dla najmłodszych miniklub, plac zabaw i brodziki, stanowią niewątpliwy atut tego miejsca. Koneserzy smaku będą mieli okazje skosztować wyszukanych dań kuchni z różnych stron świata.</p>,<h3 class=""hotel-description__subject hotel--description--subject"">lokalizacja:</h3>,<p>25 km od centrum Antalyi, 13 km od lotniska w Antalyi-AYT. Hotel usytuowany na powierzchni: 50000 m2.</p>,<h3 class=""hotel-description__subject hotel--description--subject"">kategoria organizatora:</h3>",https://cdntravelplanet.pl/589/WEZY/miniature650x367/turcja/antalya/antalya/limak-lara-de-luxe_0.jpg?datago=1&t=637433030010418281,1
"Strona główna,super last minute,turcja",19,"Data rozpoczęcia:sob. 12.12.2020,Czas Trwania:7 dni,Posiłki:BB - Śniadania,Wylot z:Katowice,Operator:Coral Travel",Ramada Plaza (Antalya),1340,"<h3 class=""hotel-description__subject hotel--description--subject"">KATEGORIA:</h3>,<p>5*</p>,<h3 class=""hotel-description__subject hotel--description--subject"">REGION:</h3>,<p>Antalya</p>,<h3 class=""hotel-description__subject hotel--description--subject"">OPIS:</h3>,<p>Hotel oferuje relaks na wspaniałych plażach Morza Śródziemnego. Lokalizacja hotelu w pobliżu Antalya Expo Center i centrum miasta stanowi idealną ucieczkę od codzienności. Przestronne pokoje zostały zaprojektowane z myślą o komforcie Gości, zapewniają zapierające dech w piersiach widoki oraz przemyślane udogodnienia, które uczynią wakacyjny pobyt jeszcze lepszym.</p>,<h3 class=""hotel-description__subject hotel--description--subject"">lokalizacja:</h3>,<p>500 m od centrum Antalyi, 15 km od lotniska w Antalyi-AYT. Hotel usytuowany na powierzchni: 100 m2.</p>,<h3 class=""hotel-description__subject hotel--description--subject"">kategoria organizatora:</h3>",https://cdntravelplanet.pl/904/WEZY/miniature650x367/turcja/antalya/antalya/ramada-plaza-(antalya)_0.jpg?datago=1&t=637437654959307579,1
"Strona główna,super last minute,turcja",24,"Data rozpoczęcia:sob. 12.12.2020,Czas Trwania:7 dni,Posiłki:AI - All Inclusive,Wylot z:Katowice,Operator:Coral Travel",Porto Bello,1246,"<h3 class=""hotel-description__subject hotel--description--subject"">KATEGORIA:</h3>,<p>5*</p>,<h3 class=""hotel-description__subject hotel--description--subject"">REGION:</h3>,<p>Antalya</p>,<h3 class=""hotel-description__subject hotel--description--subject"">OPIS:</h3>,<p>Obiekt turystyczny przedstawiający francuską architekturę z panoramą na Góry Taurus. Usytuowany tuż przy plaży w pobliżu tętniącego życiem centrum Antalyi. Hotel polecany każdemu, kto ceni wysoki standard i dobrą zabawę.</p>,<h3 class=""hotel-description__subject hotel--description--subject"">lokalizacja:</h3>,<p>5 km od centrum Antalya, 25 km od lotniska w Antalyi. Hotel usytuowany na powierzchni: 11000 m2.</p>,<h3 class=""hotel-description__subject hotel--description--subject"">kategoria organizatora:</h3>",https://cdntravelplanet.pl/2064/tpsel/miniature650x367/turcja/antalya/antalya/porto-bello_TP266954.jpg,1
"Strona główna,super last minute,turcja",43,"Data rozpoczęcia:sob. 12.12.2020,Czas Trwania:7 dni,Posiłki:AI - All Inclusive,Wylot z:Katowice,Operator:Coral Travel",Adalya Elite Lara,1283,"<h3 class=""hotel-description__subject hotel--description--subject"">KATEGORIA:</h3>,<p>5*</p>,<h3 class=""hotel-description__subject hotel--description--subject"">REGION:</h3>,<p>Antalya</p>,<h3 class=""hotel-description__subject hotel--description--subject"">OPIS:</h3>,<p>Komfortowy i nowoczesny obiekt, który oferuje usługi na wysokim poziomie. Otoczony pięknym ogrodem jest doskonałym miejscem na wakacyjny relaks dla całej rodziny. Hotel przyciąga uwagę licznymi zjeżdżalniami, które zdecydowanie uatrakcyjnią wakacje.</p>,<h3 class=""hotel-description__subject hotel--description--subject"">lokalizacja:</h3>,<p>15 km od centrum Antalyi, 10 km od lotniska w Antalyi-AYT. Hotel usytuowany na powierzchni: 49000 m2.</p>,<h3 class=""hotel-description__subject hotel--description--subject"">kategoria organizatora:</h3>",https://cdntravelplanet.pl/18139/WEZY/miniature650x367/turcja/antalya/antalya/adalya-elite-lara_0.jpg?datago=1&t=637436405598223594,1
"Strona główna,super last minute,turcja",27,"Data rozpoczęcia:sob. 12.12.2020,Czas Trwania:7 dni,Posiłki:AI - All Inclusive,Wylot z:Katowice,Operator:Coral Travel",Sunprime C - Lounge,1174,"<h3 class=""hotel-description__subject hotel--description--subject"">KATEGORIA:</h3>,<p>5*</p>,<h3 class=""hotel-description__subject hotel--description--subject"">REGION:</h3>,<p>Alanya</p>,<h3 class=""hotel-description__subject hotel--description--subject"">OPIS:</h3>,<p>Przestronny hotel z basenem i wyżywieniem All Inclusive oferuje pobyt w jasnych, komfortowo urządzonych pokojach. W obiekcie znajdziemy m.in siłownię, centrum SPA, czy łaźnię. Ponadto bliska odległość od centrum Alanyi z pewnością przypadnie do gustu wszystkim miłośnikom przygód i poznawania lokalnych atrakcji.</p>,<h3 class=""hotel-description__subject hotel--description--subject"">lokalizacja:</h3>,<p>4 km od centrum Alanyi, 35 km od lotniska w Gazipasa-GZP. Hotel usytuowany na powierzchni: 5000 m2.</p>,<h3 class=""hotel-description__subject hotel--description--subject"">kategoria organizatora:</h3>",https://cdntravelplanet.pl/16535/WEZY/miniature650x367/turcja/alanya/alanya/sunprime-c---lounge_0.jpg?datago=1&t=637435952941076829,1
"Strona główna,super last minute,turcja",27,"Data rozpoczęcia:sob. 12.12.2020,Czas Trwania:7 dni,Posiłki:AI - All Inclusive,Wylot z:Warszawa,Operator:Coral Travel",Limak Atlantis,1203,"<h3 class=""hotel-description__subject hotel--description--subject"">KATEGORIA:</h3>,<p>5*</p>,<h3 class=""hotel-description__subject hotel--description--subject"">REGION:</h3>,<p>Belek</p>,<h3 class=""hotel-description__subject hotel--description--subject"">OPIS:</h3>,<p>Oferta ucieszy wielbicieli aktywnego spędzania czasu wolnego oraz golfistów. Hotel położony jest w odległości 4 km od Belek - tureckiego centrum golfa, tuż przy piaszczystej plaży kurort otoczony jest pięknym sosnowym lasem. Amatorzy dobrej kuchni oraz Goście, którzy pragną się zrelaksować w zacisznym centrum SPA będą na pewno zadowoleni.</p>,<h3 class=""hotel-description__subject hotel--description--subject"">lokalizacja:</h3>,<p>5 km od centrum Belek, 35 km od lotniska w Antalyi-AYT. Hotel usytuowany na powierzchni: 54000 m2.</p>,<h3 class=""hotel-description__subject hotel--description--subject"">kategoria organizatora:</h3>",https://cdntravelplanet.pl/967/WEZY/miniature650x367/turcja/belek/belek/limak-atlantis_0.jpg?datago=1&t=637433109161488672,1
"Strona główna,super last minute,turcja",32,"Data rozpoczęcia:sob. 12.12.2020,Czas Trwania:7 dni,Posiłki:AI - All Inclusive,Wylot z:Katowice,Operator:Coral Travel",Sealife Family Resort,1159,"<h3 class=""hotel-description__subject hotel--description--subject"">KATEGORIA:</h3>,<p>5*</p>,<h3 class=""hotel-description__subject hotel--description--subject"">REGION:</h3>,<p>Antalya</p>,<h3 class=""hotel-description__subject hotel--description--subject"">OPIS:</h3>,<p>Luksusowy, 5-cio gwiazdkowy hotel to doskonała propozycja dla tych, którzy chcą zacząć poznawać Turcję. Blisko plaży i morza gdzie panują doskonałe warunki do uprawiania sportów wodnych a w samym ośrodku pełno atrakcji dla starszych i młodszych. M.in. centrum SPA, siłownia, dyskoteka. Niedaleko Antalyi, miasta gdzie nie sposób się nudzić.</p>,<h3 class=""hotel-description__subject hotel--description--subject"">lokalizacja:</h3>,<p>1 km od Konyaalti, 4 km od centrum Antalyi, 20 km od lotniska w Antalyi. Hotel usytuowany na powierzchni: 7180 m2.</p>,<h3 class=""hotel-description__subject hotel--description--subject"">kategoria organizatora:</h3>",https://cdntravelplanet.pl/779/WEZY/miniature650x367/turcja/antalya/antalya/sealife-family-resort_0.jpg?datago=1&t=637436168162847421,1
"Strona główna,super last minute,turcja",6,"Data rozpoczęcia:sob. 19.12.2020,Czas Trwania:7 dni,Posiłki:RO - Bez wyżywienia,Wylot z:Warszawa,Operator:Coral Travel",Dionisus,1163,"<h3 class=""hotel-description__subject hotel--description--subject"">KATEGORIA:</h3>,<p>4*</p>,<h3 class=""hotel-description__subject hotel--description--subject"">REGION:</h3>,<p>Belek</p>,<h3 class=""hotel-description__subject hotel--description--subject"">lokalizacja:</h3>,<p>4 km od centrum Belek, 12 km od Bogazkent, 18 km od lotniska w Antalyi-AYT. Hotel usytuowany na powierzchni: 3000 m2.</p>,<h3 class=""hotel-description__subject hotel--description--subject"">kategoria organizatora:</h3>,<p>4*</p>,<h3 class=""hotel-description__subject hotel--description--subject"">kategoria lokalna:</h3>",https://cdntravelplanet.pl/31946/WEZY/miniature650x367/turcja/belek/belek/dionisus_0.jpg?datago=1&t=637435926149482344,1
"Strona główna,super last minute,turcja",14,"Data rozpoczęcia:sob. 12.12.2020,Czas Trwania:7 dni,Posiłki:AI - All Inclusive,Wylot z:Warszawa,Operator:Coral Travel",Club Sera,1167,"<h3 class=""hotel-description__subject hotel--description--subject"">KATEGORIA:</h3>,<p>5*</p>,<h3 class=""hotel-description__subject hotel--description--subject"">REGION:</h3>,<p>Antalya</p>,<h3 class=""hotel-description__subject hotel--description--subject"">OPIS:</h3>,<p>Hotel o wysokim standardzie oryginalny w swej architekturze o ciekawym wystroju wnętrz. Dzięki bogatej infrastrukturze i komfortowym pokojom zapewnia urozmaicony, a zarazem wygodny wypoczynek. Godny polecenie na wymarzony urlop w Turcji dla rodzin z dziećmi, par oraz grupie znajomych.</p>,<h3 class=""hotel-description__subject hotel--description--subject"">lokalizacja:</h3>,<p>250 m od miejscowości Lara, 12 km od centrum Antalya, 9 km od lotniska w Antalyi. Hotel usytuowany na powierzchni: 40000 m2.</p>,<h3 class=""hotel-description__subject hotel--description--subject"">kategoria organizatora:</h3>",https://cdntravelplanet.pl/1994/tpsel/miniature650x367/turcja/antalya/antalya/club-sera_TP266848.jpg,1
"Strona główna,super last minute,turcja",40,"Data rozpoczęcia:sob. 12.12.2020,Czas Trwania:7 dni,Posiłki:AI - All Inclusive,Wylot z:Katowice,Operator:Coral Travel",Aquaworld Belek by MP Hotels (ex. Waterworld Belek by MP Hotels),1102,"<h3 class=""hotel-description__subject hotel--description--subject"">KATEGORIA:</h3>,<p>5*</p>,<h3 class=""hotel-description__subject hotel--description--subject"">REGION:</h3>,<p>Belek</p>,<h3 class=""hotel-description__subject hotel--description--subject"">OPIS:</h3>,<p>Hotel z wyżywieniem Ultra All Inclusive położony tuż przy plaży z basenami i zjeżdżalniami będzie idealnym pomysłem na spędzenie udanych wakacji dla całej rodziny. Ponadto w obiekcie znajdziemy szereg innych atrakcji, takich jak na przykład animacje, centrum SPA, czy korty do tenisa ziemnego. To wszystko sprawia, że pobyt w tym miejscu będzie niezapomniany.</p>,<h3 class=""hotel-description__subject hotel--description--subject"">lokalizacja:</h3>,<p>2 km od centrum Belek, 35 km od lotniska w Antalyi-AYT. Hotel usytuowany na powierzchni: 220000 m2.</p>,<h3 class=""hotel-description__subject hotel--description--subject"">kategoria organizatora:</h3>",https://cdntravelplanet.pl/30303/WEZY/miniature650x367/turcja/belek/belek/aquaworld-belek-by-mp-hotels-(ex.-waterworld-belek-by-mp-hotels)_0.jpg?datago=1&t=637436095224239219,1
"Strona główna,super last minute,turcja",31,"Data rozpoczęcia:sob. 12.12.2020,Czas Trwania:7 dni,Posiłki:AI - All Inclusive,Wylot z:Katowice,Operator:Coral Travel",Limak Arcadia Sport Resort,1095,"<h3 class=""hotel-description__subject hotel--description--subject"">KATEGORIA:</h3>,<p>5*</p>,<h3 class=""hotel-description__subject hotel--description--subject"">REGION:</h3>,<p>Belek</p>,<h3 class=""hotel-description__subject hotel--description--subject"">OPIS:</h3>,<p>Polecany szczególnie rodzinom z dziećmi, na które czeka tu mnóstwo udogodnień, plac zabaw i miniklub. Hotel oferuje ciekawe animacje i dużo rozrywek. Dla szukających dodatkowych wrażeń plusem będzie bliska odległość do Belek z licznymi sklepami i restauracjami oraz doskonale przygotowane pola golfowe.</p>,<h3 class=""hotel-description__subject hotel--description--subject"">lokalizacja:</h3>,<p>700 m od centrum Belek, 35 km od lotniska w Antalyi-AYT. Hotel usytuowany na powierzchni: 97000 m2.</p>,<h3 class=""hotel-description__subject hotel--description--subject"">kategoria organizatora:</h3>",https://cdntravelplanet.pl/966/WEZY/miniature650x367/turcja/belek/belek/limak-arcadia-sport-resort_0.jpg?datago=1&t=637432576175506172,1
"Strona główna,super last minute,turcja",23,"Data rozpoczęcia:sob. 12.12.2020,Czas Trwania:7 dni,Posiłki:AI - All Inclusive,Wylot z:Katowice,Operator:Coral Travel",Limak Limra,1083,"<h3 class=""hotel-description__subject hotel--description--subject"">KATEGORIA:</h3>,<p>5*</p>,<h3 class=""hotel-description__subject hotel--description--subject"">REGION:</h3>,<p>Kemer</p>,<h3 class=""hotel-description__subject hotel--description--subject"">OPIS:</h3>,<p>Luksusowy hotel położony w miejscowości Kiris. Bogaty wybór dań lokalnych, kompleks basenów i wiele udogodnień dla najmłodszych to wszystko sprawi, że wakacje w Kemer będą udane. Polecany także dla aktywnych Gości dzięki urozmaiconej infrastrukturze sportowo-rekreacyjnej na terenie hotelu.</p>,<h3 class=""hotel-description__subject hotel--description--subject"">lokalizacja:</h3>,<p>7 km od centrum Kemer, 75 km od lotniska w Antalyi-AYT. Hotel usytuowany na powierzchni: 140000 m2.</p>,<h3 class=""hotel-description__subject hotel--description--subject"">kategoria organizatora:</h3>",https://cdntravelplanet.pl/708/WEZY/miniature650x367/turcja/kemer/kemer/limak-limra_0.jpg?datago=1&t=637433917957566719,1
"Strona główna,super last minute,turcja",37,"Data rozpoczęcia:sob. 12.12.2020,Czas Trwania:7 dni,Posiłki:RO - Bez wyżywienia,Wylot z:Katowice,Operator:Coral Travel",Bin Billa,675,"<h3 class=""hotel-description__subject hotel--description--subject"">KATEGORIA:</h3>,<p>3*</p>,<h3 class=""hotel-description__subject hotel--description--subject"">REGION:</h3>,<p>Alanya</p>,<h3 class=""hotel-description__subject hotel--description--subject"">lokalizacja:</h3>,<p>3 km od centrum Alanyi, 35 km od lotniska w Gazipasa-GZP. Hotel usytuowany na powierzchni: 2000 m2.</p>,<h3 class=""hotel-description__subject hotel--description--subject"">kategoria organizatora:</h3>,<p>3*</p>,<h3 class=""hotel-description__subject hotel--description--subject"">kategoria lokalna:</h3>",https://cdntravelplanet.pl/29752/WEZY/miniature650x367/turcja/alanya/alanya/bin-billa_0.jpg?datago=1&t=637435211293555625,1
"Strona główna,super last minute,turcja",34,"Data rozpoczęcia:sob. 12.12.2020,Czas Trwania:7 dni,Posiłki:BB - Śniadania,Wylot z:Katowice,Operator:Coral Travel",Alp Pasa,1029,"<h3 class=""hotel-description__subject hotel--description--subject"">KATEGORIA:</h3>,<p>hotel butikowy</p>,<h3 class=""hotel-description__subject hotel--description--subject"">REGION:</h3>,<p>Antalya</p>,<h3 class=""hotel-description__subject hotel--description--subject"">OPIS:</h3>,<p>Stylowy hotel butikowy przekształcony ze starej osmańskiej rezydencji oferuje nowoczesne, stylowe i zaciszne miejsce w samym sercu miasta. Zlokalizowany jest w Kaleici - jednej z najbardziej urokliwych dzielnic Antalyi.Budynek pochodzi z XVIII wieku i charakteryzuje się wyjątkową architekturą. Położony jest pośród zielonych ogrodów i zabytkowych rezydencji na Starym Mieście, w samym centrum Antalyi. Z hotelu jest bardzo blisko do przystani, plaży, centrum miasta i centrów handlowych.</p>,<h3 class=""hotel-description__subject hotel--description--subject"">lokalizacja:</h3>,<p>1 m od centrum Antalyi, 15 km od lotniska w Antalyi-AYT. Hotel usytuowany na powierzchni: 3000 m2.</p>,<h3 class=""hotel-description__subject hotel--description--subject"">kategoria organizatora:</h3>",https://cdntravelplanet.pl/894/WEZY/miniature650x367/turcja/antalya/antalya/alp-pasa_0.jpg?datago=1&t=637432501551459218,1
"Strona główna,super last minute,turcja",39,"Data rozpoczęcia:sob. 12.12.2020,Czas Trwania:7 dni,Posiłki:BB - Śniadania,Wylot z:Katowice,Operator:Coral Travel",Arsi,667,"<h3 class=""hotel-description__subject hotel--description--subject"">KATEGORIA:</h3>,<p>4*</p>,<h3 class=""hotel-description__subject hotel--description--subject"">REGION:</h3>,<p>Alanya</p>,<h3 class=""hotel-description__subject hotel--description--subject"">OPIS:</h3>,<p>Kameralny, niewielki, miejski hotel położony w Alanyi, niedaleko plaży.</p>,<h3 class=""hotel-description__subject hotel--description--subject"">lokalizacja:</h3>,<p>1 km od centrum Alanyi, 39 km od lotniska Gazipasa-GZP, 125 km od lotniska w Antalyi-AYT. Hotel usytuowany na powierzchni: 3500 m2.</p>,<h3 class=""hotel-description__subject hotel--description--subject"">kategoria organizatora:</h3>",https://cdntravelplanet.pl/12100/WEZY/miniature650x367/turcja/alanya/alanya/arsi_0.jpg?datago=1&t=637432788036000390,1
"Strona główna,super last minute,turcja",39,"Data rozpoczęcia:sob. 12.12.2020,Czas Trwania:7 dni,Posiłki:BB - Śniadania,Wylot z:Katowice,Operator:Coral Travel",Paradise (Kemer),634,"<h3 class=""hotel-description__subject hotel--description--subject"">KATEGORIA:</h3>,<p>3*</p>,<h3 class=""hotel-description__subject hotel--description--subject"">REGION:</h3>,<p>Kemer</p>,<h3 class=""hotel-description__subject hotel--description--subject"">lokalizacja:</h3>,<p>100 m od centrum Kemer, 60 km od lotniska w Antalyi-AYT. Hotel usytuowany na powierzchni: 1850 m2.</p>,<h3 class=""hotel-description__subject hotel--description--subject"">kategoria organizatora:</h3>,<p>3*</p>,<h3 class=""hotel-description__subject hotel--description--subject"">kategoria lokalna:</h3>",https://cdntravelplanet.pl/3826/WEZY/miniature650x367/turcja/kemer/kemer/paradise-(kemer)_0.jpg?datago=1&t=637432490404467735,1
"Strona główna,super last minute,turcja",21,"Data rozpoczęcia:sob. 12.12.2020,Czas Trwania:7 dni,Posiłki:RO - Bez wyżywienia,Wylot z:Katowice,Operator:Coral Travel",Citrus Park,685,"<h3 class=""hotel-description__subject hotel--description--subject"">KATEGORIA:</h3>,<p>hotel butikowy</p>,<h3 class=""hotel-description__subject hotel--description--subject"">REGION:</h3>,<p>Antalya</p>,<h3 class=""hotel-description__subject hotel--description--subject"">OPIS:</h3>,<p>Kameralny hotel z basenem oferuje komfortowo urządzone pokoje. Obiekt znajduje się niedaleko centrum Antalyi, co z pewnością ucieszy wszystkich tych, którzy szukają wrażeń i pragną poznać liczne atrakcje, jakie ma do zaoferowania to miasto.</p>,<h3 class=""hotel-description__subject hotel--description--subject"">lokalizacja:</h3>,<p>2 km od centrum Antalyi, 20 km od lotniska w Antalyi-AYT. Hotel usytuowany na powierzchni: 1200 m2.</p>,<h3 class=""hotel-description__subject hotel--description--subject"">kategoria organizatora:</h3>",https://cdntravelplanet.pl/31806/WEZY/miniature650x367/turcja/antalya/antalya/citrus-park_0.jpg?datago=1&t=637432614000193672,1
"Strona główna,super last minute,turcja",27,"Data rozpoczęcia:sob. 12.12.2020,Czas Trwania:7 dni,Posiłki:BB - Śniadania,Wylot z:Warszawa,Operator:Coral Travel",Green Life (Kestel),631,"<h3 class=""hotel-description__subject hotel--description--subject"">KATEGORIA:</h3>,<p>4*</p>,<h3 class=""hotel-description__subject hotel--description--subject"">REGION:</h3>,<p>Alanya</p>,<h3 class=""hotel-description__subject hotel--description--subject"">OPIS:</h3>,<p>Położony niedaleko plaży i centrum miasta hotel oferuje swoim Gościom restauracje, bary, basen ze zjeżdżalniami oraz zakwaterowanie w pokojach standardowych i rodzinnych. Pobyt z pewnością urozmaici infrastruktura sportowo-rekreacyjna oraz względnie niewielka odległość do atrakcji turystycznych jakie oferuje Alanya.</p>,<h3 class=""hotel-description__subject hotel--description--subject"">lokalizacja:</h3>,<p>4 km od centrum Alanyi, 35 km od lotniska w Gazipasa-GZP, 133 km od lotniska w Antalyi. Hotel usytuowany na powierzchni: 4000 m2.</p>,<h3 class=""hotel-description__subject hotel--description--subject"">kategoria organizatora:</h3>",https://cdntravelplanet.pl/24390/WEZY/miniature650x367/turcja/alanya/kestel/green-life-(kestel)_0.jpg?datago=1&t=637434483565840782,1
"Strona główna,super last minute,turcja",27,"Data rozpoczęcia:sob. 12.12.2020,Czas Trwania:7 dni,Posiłki:RO - Bez wyżywienia,Wylot z:Warszawa,Operator:Coral Travel",Mysea Incekum,631,"<h3 class=""hotel-description__subject hotel--description--subject"">KATEGORIA:</h3>,<p>4*</p>,<h3 class=""hotel-description__subject hotel--description--subject"">REGION:</h3>,<p>Alanya</p>,<h3 class=""hotel-description__subject hotel--description--subject"">OPIS:</h3>,<p>Obiekt oferuje min. zjeżdżalnie, animacje, a z myślą o najmłodszych plac zabaw i miniklub. To miejsce dla wszystkich tych, którzy poszukują ciszy i spokoju. Ponadto dzięki swojemu położeniu - w pobliżu miejscowości Avsallar Goście będą mogli udać się na zakupy, jak i zobaczyć jakie inne atrakcje ma do zaoferowania to miejsce.</p>,<h3 class=""hotel-description__subject hotel--description--subject"">lokalizacja:</h3>,<p>2 km od Avsallar, 22 km od centrum Alanyi, 65 km od lotniska w Gazipasa-GZP, 101 km od lotniska w Antalyi-AYT. Hotel usytuowany na powierzchni: 4000 m2.</p>,<h3 class=""hotel-description__subject hotel--description--subject"">kategoria organizatora:</h3>",https://cdntravelplanet.pl/22021/WEZY/miniature650x367/turcja/alanya/incekum/mysea-incekum_0.jpg?datago=1&t=637433239612371406,1
"Strona główna,super last minute,hiszpania",,"Data rozpoczęcia:pon. 21.12.2020,Czas Trwania:6 dni,Posiłki:RO - Bez wyżywienia,Wylot z:Warszawa - Modlin,Operator:Yobboo",Senator Castellana (ex. Amaral),1505,"<h3 class=""hotel-description__subject hotel--description--subject"">Wyposażenie:</h3>,<p>Hotel ten został wzniesiony w 2006 roku. Goście zakwaterowani są w 126 pokojach. Większość pięter osiągalna jest za pomocą windy. Do dyspozycji gości jest sejf. W pomieszczeniach ogólnodostępnych skorzystać można z Wi-Fi. Do dyspozycji gości jest restauracja, sala śniadaniowa, kawiarnia i bar. W obrębie obiektu znajduje się ogród. Auto pozostawić można w garażu (odpłatnie) oraz na parkingu (odpłatnie). Do pozostałych świadczonych usług należą wypożyczalnia samochodów, serwis pokojowy i pralnia.</p>,<h3 class=""hotel-description__subject hotel--description--subject"">Pokoje:</h3>,<p>W ofercie znajdują się pokoje z klimatyzacją, centralnym ogrzewaniem i łazienką. Spokojny sen zapewni Państwu łóżko podwójne. Sejf oraz (odpłatnie) minibarek są również do dyspozycji gości. Elementami podwyższającymi komfort pobytu są internet, telefon, telewizor i Wi-Fi. Ponadto w ofercie znajdują sie pokoje przystosowane dla osób poruszających się na wózkach inwalidzkich. Łazienki wyposażone są w prysznic i wannę. W łazienkach znajduje się ponadto suszarka do włosów. Istnieje również możliwość rezerwacji kwatery z łazienką dla osób niepełnosprawnych. Obiekt oferuje pokoje dla niepalących.</p>,<h3 class=""hotel-description__subject hotel--description--subject"">Oferta sportowo-rozrywkowa:</h3>,<p>Zapraszamy do skorzystania z naszej oferty sportowo-rekreacyjnej. Kąpiel w basenie to wspaniały sposób na orzeźwienie i ochłodę w upalne dni. Położone w cieniu parasoli leżaki idealnie nadają się na chwilę relaksu. Urozmaicony pobyt zapewnią Państwu nasze pozostałe propozycje jak studio fitness i solarium. Oprawę rozrywkową zapewnia miniklub. Copyright GIATA 2004 - 2020. Multilingual, powered by www.giata.com for client no. 126372</p>,<h3 class=""hotel-description__subject hotel--description--subject"">Wyżywienie:</h3>,<p>Spośród posiłków wybrać można śniadanie.</p>,<h3 class=""hotel-description__subject hotel--description--subject"">Karty kredytowe:</h3>",https://cdntravelplanet.pl/76270/XYOB/miniature650x367/hiszpania/madryt/madryt/senator-castellana-(ex.-amaral)_0.jpeg?datago=1&t=637434816118314844,1
